id;uga;etablissement;adresse;cp;ville;tel;lat;lon
1;92NEU;;1 ALLEE CLAUDE MONET;92200;LEVALLOIS PERRET;09 81 96 61 44;48.8979392;2.2725345
2;92LEV;;1 ALLEE PIERRE BURELLE;92300;LEVALLOIS PERRET;01 55 63 32 32;48.896257;2.2851562
3;75INV;;1 AVENUE DE LOWENDAL;75007;PARIS;01 45 63 18 43;48.853681;2.3103697
4;75INV;;1 BIS AVENUE FRANCO RUSSE;75007;PARIS;01 42 73 12 80;48.8600996;2.2989857
5;75INV;;1 BIS PASSAGE DE LA VIERGE;75007;PARIS;01 71 28 23 46;48.8558567;2.3067922
6;92LEV;;1 BIS RUE COLLANGE;92300;LEVALLOIS PERRET;;48.8985086;2.2928865
7;75INV;;1 BOULEVARD DU MONTPARNASSE;75007;PARIS;01 45 67 00 91;48.8468546;2.317211
8;75INV;;1 PLACE JOFFRE;75007;PARIS;01 44 42 58 61;48.8540234;2.3055622
9;75TER;;1 PLACE JULES RENARD;75017;PARIS;01 56 79 67 27;48.8845008;2.2888822
10;75PER;;1 RUE DE CHAZELLES;75017;PARIS;01 53 10 10 01;48.8795003;2.3032989
11;75INV;;1 RUE DE NARBONNE;75007;PARIS;;48.853043;2.3250028
12;75INV;;1 RUE DE VILLERSEXEL;75007;PARIS;01 42 22 25 95;48.8581902;2.3236202
13;75INV;;1 RUE DU MARECHAL HARISPE;75007;PARIS;;48.8584355;2.2984769
14;92LEV;;1 RUE DU PARC;92300;LEVALLOIS PERRET;01 69 48 46 78;48.897725;2.2838973
15;75PER;;1 RUE DU PRINTEMPS;75017;PARIS;01 47 66 78 00;48.8868503;2.3087576
16;75MNP;;1 RUE ERNEST RENAN;75015;PARIS;01 47 34 71 44;48.8443635;2.3093451
17;75TRO;;1 RUE GOETHE;75016;PARIS;01 45 53 13 27;48.866252;2.2989387
18;75TER;;1 RUE LAMENNAIS;75017;PARIS;01 42 89 83 30;48.8735391;2.3032494
19;75MNP;;1 RUE MIZON;75015;PARIS;01 43 22 14 44;48.8413124;2.3152838
20;75VAU;;1 RUE OLIVIER DE SERRES;75015;PARIS;;48.8370967;2.2987323
21;75TRO;;1 VILLA BOISSIERE;75016;PARIS;09 54 40 63 27;48.8662317;2.2906247
22;75TRO;;10 AVENUE D EYLAU;75016;PARIS;01 47 64 33 33;48.8641131;2.2857525
23;75INV;;10 AVENUE DANIEL LESUEUR;75007;PARIS;01 43 06 61 12;48.8476629;2.3174539
24;75TER;;10 RUE BREY;75017;PARIS;01 45 74 93 60;48.8763775;2.2960002
25;75MNP;;10 RUE BROWN SEQUARD;75015;PARIS;01 43 20 05 00;48.8411818;2.3155918
26;92NEU;;10 RUE DE L HOTEL DE VILLE;92200;NEUILLY-SUR-SEINE;01 46 37 48 83;48.8834373;2.2683203
27;75INV;;10 RUE DE ST SIMON;75007;PARIS;01 42 22 41 55;48.8562151;2.3238264
28;75ELY;;10 RUE DU DOCTEUR LANCEREAUX;75008;PARIS;;48.8764544;2.3113096
29;75GRE;;10 RUE DU LAOS;75015;PARIS;01 43 31 57 24;48.8500929;2.3009891
30;75PER;;10 RUE EDOUARD DETAILLE;75017;PARIS;01 58 05 35 50;48.8833378;2.3058827
31;75TRO;;10 RUE FREYCINET;75016;PARIS;01 40 70 15 16;48.865644;2.2982217
32;75TRO;;10 RUE GEORGES VILLE;75016;PARIS;01 45 00 11 99;48.8702613;2.2892335
33;75PAS;;10 RUE JEAN RICHEPIN;75016;PARIS;;48.8617546;2.2741799
34;75GRE;;10 RUE LACORDAIRE;75015;PARIS;01 45 77 46 86;48.8444064;2.2846134
35;75TRO;;10 RUE LAURENT PICHAT;75016;PARIS;01 44 05 90 50;48.8737135;2.2826096
36;75TRO;;10 RUE LEROUX;75016;PARIS;01 45 01 50 92;48.8714574;2.2870614
37;75PER;;10 RUE MARGUERITTE;75017;PARIS;;48.8799928;2.3014649
38;75INV;;10 RUE PIERRE LEROUX;75007;PARIS;01 77 85 53 00;48.8496702;2.3188579
39;75PAS;;10 RUE RAYNOUARD;75016;PARIS;01 42 30 98 12;48.857788;2.2837992
40;75ELY;;10 RUE ROYALE;75008;PARIS;01 42 66 47 82;48.8678578;2.323091
41;92NEU;;10 RUE ST PIERRE;92200;NEUILLY-SUR-SEINE;01 46 37 62 33;48.8823777;2.2709475
42;75VAU;HÔP VAUGIRARD;10 RUE VAUGELAS;75015;PARIS;01 40 45 80 43;48.8344353;2.2946627
43;75GRE;;10-12 VILLA THORETON;75015;PARIS;;48.8374581;2.2849979
44;75INV;;101 RUE ST DOMINIQUE;75007;PARIS;01 40 59 91 82;48.8594826;2.3065868
45;75TER;;102 AVENUE DES CHAMPS ELYSEES;75017;PARIS;;48.8718265;2.3022902
46;75AUT;;102 RUE BOILEAU;75016;PARIS;0`    ;48.8396093;2.2614901
47;92LEV;;103 RUE ARISTIDE BRIAND;92300;LEVALLOIS PERRET;01 47 37 22 80;48.8945318;2.2930941
48;75ELY;;103 RUE DE MIROMESNIL;75008;PARIS;01 43 59 01 91;48.8806731;2.3152952
49;75MNP;;104 RUE CAMBRONNE;75015;PARIS;01 45 67 23 95;48.8409434;2.3037524
50;75AUT;;104 RUE MICHEL ANGE;75016;PARIS;;48.8402458;2.2579627
51;75TRO;;105 AVENUE VICTOR HUGO;75016;PARIS;01 47 55 44 25;48.8262324;2.2931522
52;75PER;;105 BOULEVARD PEREIRE;75017;PARIS;;48.8859322;2.2998346
53;75PER;;105 RUE DE COURCELLES;75017;PARIS;01 42 67 69 57;48.8818816;2.3002176
54;75GRE;MDS JEANNE GARNIER;106 AVENUE EMILE ZOLA;75015;PARIS;01 43 92 21 22;48.8466349;2.2897169
55;75TRO;;106 AVENUE KLEBER;75016;PARIS;01 42 53 20 20;48.8650763;2.2884537
56;92LEV;;106 RUE BAUDIN;92300;LEVALLOIS PERRET;01 55 46 99 99;48.8979892;2.2848212
57;75AUT;;106 RUE JEAN DE LA FONTAINE;75016;PARIS;01 45 25 20 64;48.8493259;2.2669802
58;75TRO;;108 AVENUE VICTOR HUGO;75016;PARIS;;48.8685478;2.2823964
59;75INV;;108 RUE DU BAC;75007;PARIS;01 45 49 07 06;48.8531784;2.3236611
60;75GRE;;108 RUE DU THEATRE;75015;PARIS;01 45 79 62 87;48.8463298;2.2946412
61;92NEU;;109 AVENUE CHARLES DE GAULLE;92200;NEUILLY-SUR-SEINE;01 47 47 66 02;48.8812173;2.2705301
62;75INV;;109 RUE DE L UNIVERSITE;75007;PARIS;01 45 50 19 45;48.8610672;2.3109751
63;75GRE;;109 RUE ST CHARLES;75015;PARIS;01 45 77 81 97;48.8452849;2.2845461
64;75TRO;;11 AVENUE D EYLAU;75016;PARIS;01 45 53 27 62;48.8639334;2.2853305
65;75TRO;;11 AVENUE RAYMOND POINCARE;75016;PARIS;01 56 62 10 77;48.8643161;2.2865439
66;92NEU;;11 BIS AVENUE DE MADRID;92200;NEUILLY-SUR-SEINE;01 47 22 98 61;48.8829982;2.2598909
67;75TER;;11 BIS AVENUE MAC MAHON;75017;PARIS;01 44 09 73 69;48.8759828;2.2944153
68;75TER;;11 BIS PASSAGE DOISY;75017;PARIS;01 42 25 59 44;48.8780928;2.2922143
69;75PER;;11 BIS RUE AMPERE;75017;PARIS;;48.8851978;2.3061793
70;75INV;;11 BIS RUE CESAR FRANCK;75007;PARIS;01 45 24 01 24;48.8470858;2.309079
71;75INV;;11 BIS AVENUE ELISEE RECLUS;75007;PARIS;;48.8582298;2.2979608
72;75MNP;;11 PLACE ADOLPHE CHERIOUX;75015;PARIS;01 80 50 38 36;48.8399814;2.3011222
73;75TER;;11 RUE ANATOLE DE LA FORGE;75017;PARIS;09 87 15 68 05;48.8763416;2.2923243
74;75AUT;HÔP STE-PÉRINE;11 RUE CHARDON LAGACHE;75016;PARIS;01 44 96 31 54;48.8453132;2.2669561
75;92NEU;;11 RUE D ORLEANS;92200;NEUILLY-SUR-SEINE;;48.8814608;2.2722982
76;75GRE;;11 RUE DE LA CONVENTION;75015;PARIS;01 45 75 69 70;48.8455011;2.278471
77;75AUT;;11 RUE DE LA SOURCE;75016;PARIS;01 55 74 27 00;48.8511211;2.2681179
78;75PAS;;11 RUE DE LA TOUR;75016;PARIS;01 45 04 37 19;48.8590529;2.28319
79;75AUT;MDS MARY JACOBI;11 RUE DE VARIZE;75016;PARIS;01 45 27 15 33;48.8410129;2.2576472
80;75ELY;;11 RUE DE VEZELAY;75008;PARIS;01 45 61 18 07;48.8784498;2.3139265
81;75AUT;;11 RUE DES PERCHAMPS;75016;PARIS;01 42 15 15 75;48.8481688;2.2671928
82;92NEU;;11 RUE DU GENERAL CORDONNIER;92200;NEUILLY-SUR-SEINE;01 47 45 24 95;48.8840501;2.27494
83;75AUT;;11 RUE DU GENERAL NIOX;75016;PARIS;01 45 65 61 24;48.8366293;2.2638232
84;75GRE;;11 RUE DUPLEIX;75015;PARIS;01 45 67 98 76;48.8517391;2.2980578
85;75INV;;11 RUE EBLE;75007;PARIS;01 40 54 30 04;48.8489409;2.3133137
86;75VAU;;11 RUE EUGENE GIBEZ;75015;PARIS;;48.8355489;2.2954091
87;75PER;;11 RUE LEON COGNIET;75017;PARIS;;48.8813087;2.302483
88;75TRO;;11 RUE MAGELLAN;75016;PARIS;01 47 20 82 00;48.870434;2.2997712
89;75ELY;;11 RUE VIGNON;75008;PARIS;01 40 06 04 49;48.8709634;2.3261114
90;75PER;;110 AVENUE DE VILLIERS;75017;PARIS;01 42 27 97 67;48.8849142;2.2985786
91;92NEU;;111 AVENUE CHARLES DE GAULLE;92200;NEUILLY-SUR-SEINE;01 46 37 72 02;48.8814173;2.2698981
92;75VAU;;111 RUE OLIVIER DE SERRES;75015;PARIS;01 40 50 66 88;48.8312362;2.2926857
93;75PER;;112 BOULEVARD PEREIRE;75017;PARIS;01 47 63 87 20;48.8857803;2.298096
94;75INV;;112 RUE DE VAUGIRARD;75007;PARIS;;48.8457289;2.3219402
95;75MNP;;112 RUE LECOURBE;75015;PARIS;01 43 06 40 12;48.8427566;2.3028335
96;75MNP;;113 117 RUE CAMBRONNE;75015;PARIS;01 56 58 04 44;48.8426951;2.3026387
97;75AUT;;114 AVENUE MOZART;75016;PARIS;01 45 25 08 82;48.8502534;2.2668038
98;92LEV;;114 RUE BAUDIN;92300;LEVALLOIS PERRET;01 47 39 32 34;48.8979892;2.2848212
99;75INV;;114 RUE DE VAUGIRARD;75007;PARIS;01 42 84 09 20;48.8456433;2.3217822
100;92LEV;;114 RUE VICTOR HUGO;92300;LEVALLOIS PERRET;01 55 91 75 00;48.8968453;2.2957763
101;75AUT;;116 AVENUE DE VERSAILLES;75016;PARIS;01 42 88 29 25;48.8422818;2.2680259
102;75GRE;;117 RUE DU THEATRE;75015;PARIS;01 45 75 11 88;48.8460343;2.2957337
103;75AUT;;119 RUE DE LA POMPE;75016;PARIS;01 47 27 33 90;48.8656902;2.2793186
104;75PAS;;12 AVENUE DE LAMBALLE;75016;PARIS;;48.8545812;2.2819547
105;75TRO;;12 AVENUE KLEBER;75016;PARIS;01 45 01 71 79;48.8717597;2.2933014
106;75ELY;;12 AVENUE MONTAIGNE;75008;PARIS;;48.8657399;2.304285
107;75TRO;;12 AVENUE PIERRE 1ER DE SERBIE;75016;PARIS;01 46 41 28 81;48.866142;2.2968842
108;75PAS;;12 BIS RUE RAYNOUARD;75016;PARIS;;48.857606;2.2835809
109;75PAS;;12 BOULEVARD SUCHET;75016;PARIS;01 40 72 71 29;48.8608853;2.2666352
110;75MNP;;12 PLACE ADOLPHE CHERIOUX;75015;PARIS;01 48 28 39 74;48.8399101;2.3004389
111;75GRE;;12 PLACE DU COMMERCE;75015;PARIS;09 52 95 58 95;48.844701;2.2931309
112;75VAU;;12 RUE ANDRE THEURIET;75015;PARIS;01 40 33 57 60;48.8287116;2.296615
113;75MNP;CDS JAQUES SENET;12 RUE ARMAND MOISANT;75015;PARIS;01 42 79 16 11;48.842289;2.3174339
114;92LEV;;12 RUE BARBES;92300;LEVALLOIS PERRET;01 46 17 06 11;48.890048;2.2812562
115;75INV;;12 RUE CHOMEL;75007;PARIS;01 42 22 70 70;48.8519438;2.324898
116;75PAS;;12 RUE CORTAMBERT;75016;PARIS;01 47 43 42 70;48.862449;2.2804911
117;75PAS;;12 RUE DE LA POMPE;75016;PARIS;01 55 25 01 67;48.8596667;2.2753721
118;75ELY;;12 RUE DE PONTHIEU;75008;PARIS;01 53 53 50 00;48.8704698;2.3105027
119;75TRO;;12 RUE DE SAIGON;75016;PARIS;01 45 32 67 51;48.8745383;2.2901443
120;75GRE;;12 RUE DU COMMERCE;75015;PARIS;01 45 79 87 25;48.8483401;2.2969697
121;75PAS;;12 RUE JEAN RICHEPIN;75016;PARIS;01 45 04 41 21;48.8617648;2.2738508
122;75VAU;;12 RUE LERICHE;75015;PARIS;01 56 08 01 19;48.8353665;2.2946229
123;75PAS;;12 RUE OSWALDO CRUZ;75016;PARIS;01 42 30 70 70;48.8571187;2.2693893
124;75GRE;;12 RUE PAUL HERVIEU;75015;PARIS;01 45 77 68 79;48.8457607;2.280281
125;75INV;;12 RUE PERIGNON;75007;PARIS;01 40 56 05 32;48.8477145;2.3090864
126;75PAS;;12 RUE RAYNOUARD;75016;PARIS;;48.8576964;2.2836982
127;75INV;;12 RUE ST JEAN BAPTISTE DE LA SALLE;75007;PARIS;01 40 61 07 01;48.8471541;2.3200306
128;75PER;;12 RUE THEODULE RIBOT;75017;PARIS;01 44 29 74 28;48.8797147;2.3007675
129;92NEU;;121 BOULEVARD BINEAU;92200;NEUILLY-SUR-SEINE;01 47 47 45 41;48.8886353;2.2735977
130;75TRO;;121 RUE DE LA POMPE;75016;PARIS;01 45 53 14 08;48.8658594;2.27943
131;75TRO;;122 AVENUE DE MALAKOFF;75016;PARIS;01 45 50 03 69;48.8739317;2.2845062
132;92LEV;;122 BIS RUE LOUIS ROUQUIER;92300;LEVALLOIS PERRET;01 47 39 38 85;48.8933345;2.2934927
133;92LEV;;122 RUE ANATOLE FRANCE;92300;LEVALLOIS PERRET;;48.8956663;2.2818851
134;75PER;;123 AVENUE DE WAGRAM;75017;PARIS;01 46 22 78 80;48.8826826;2.3012898
135;75PAS;;123 RUE DE LONGCHAMP;75016;PARIS;01 45 05 44 44;48.8672508;2.2779553
136;92LEV;;124 RUE MARIUS AUFAN;92300;LEVALLOIS PERRET;01 47 59 99 89;48.8944335;2.281445
137;75INV;;126 RUE DE L UNIVERSITE;75007;PARIS;01 40 63 58 26;48.8608616;2.3183886
138;75MNP;;126 T RUE BLOMET;75015;PARIS;01 48 28 36 82;48.8408889;2.3004598
139;75PAS;;127 RUE DU RANELAGH;75016;PARIS;01 56 72 15 10;48.8561365;2.2677346
140;75MNP;;127 RUE FALGUIERE;75015;PARIS;01 43 06 21 19;48.8372737;2.3109471
141;92LEV;;129 RUE DANTON;92300;LEVALLOIS PERRET;01 47 57 35 91;48.8887401;2.2853562
142;75INV;;129 RUE DE SEVRES;75007;PARIS;01 43 06 11 17;48.8474552;2.3185545
143;75TRO;;129 RUE LAURISTON;75016;PARIS;;48.8654837;2.2855328
144;75GRE;;13 ALLEE ISADORA DUNCAN;75015;PARIS;01 45 50 26 14;48.8424749;2.2836972
145;75AUT;;13 AVENUE DU MARECHAL FRANCHET D ESPEREY;75016;PARIS;01 40 50 82 42;48.8565842;2.2630588
146;75INV;;13 BOULEVARD DES INVALIDES;75007;PARIS;01 45 55 50 80;48.8566326;2.3153397
147;75ELY;;13 RUE DE LA TREMOILLE;75008;PARIS;;48.8673547;2.30338
148;75GRE;;13 RUE DE PLELO;75015;PARIS;01 40 60 10 76;48.8400611;2.2869387
149;75PER;;13 RUE DE TOCQUEVILLE;75017;PARIS;09 53 81 48 28;48.8826229;2.3134848
150;75INV;;13 RUE DUVIVIER;75007;PARIS;;48.8570789;2.307005
151;75VAU;;13 RUE MARMONTEL;75015;PARIS;01 45 33 55 36;48.8369701;2.2999082
152;75AUT;;130 BOULEVARD EXELMANS;75016;PARIS;;48.8468634;2.2592714
153;75MNP;;131 RUE DE VAUGIRARD;75015;PARIS;01 42 73 21 00;48.8443947;2.3180438
154;75PER;;131 RUE DES DAMES;75017;PARIS;01 43 87 57 94;48.8822643;2.3161425
155;75PAS;;132 RUE DE LONGCHAMP;75016;PARIS;;48.867322;2.2780894
156;75INV;;133 AVENUE DE SUFFREN;75007;PARIS;01 42 73 00 80;48.8477837;2.3067202
157;75PER;;133 BOULEVARD MALESHERBES;75017;PARIS;;48.8834303;2.3091419
158;75GRE;;133 RUE DE LA CONVENTION;75015;PARIS;01 45 33 20 50;48.840245;2.2902166
159;75PAS;;133 RUE DU RANELAGH;75016;PARIS;;48.8563168;2.2670249
160;75AUT;;133 RUE MICHEL ANGE;75016;PARIS;01 46 20 17 16;48.8389664;2.257701
161;75TRO;;134 AVENUE VICTOR HUGO;75016;PARIS;01 45 03 90 90;48.8674537;2.2798124
162;92NEU;;136 AVENUE ACHILLE PERETTI;92200;NEUILLY-SUR-SEINE;01 47 22 36 74;48.8856984;2.2641878
163;75VAU;;136 BIS RUE BLOMET;75015;PARIS;;48.8392236;2.2956866
164;75AUT;;136 BOULEVARD EXELMANS;75016;PARIS;01 40 71 95 02;48.8471833;2.2594638
165;75MNP;;136 RUE DE VAUGIRARD;75015;PARIS;01 44 93 02 68;48.8448124;2.3188815
166;75INV;;138 AVENUE DE SUFFREN;75007;PARIS;01 47 53 00 88;48.8472662;2.3067654
167;75PER;;138 RUE DE COURCELLES;75017;PARIS;01 47 63 95 15;48.8819524;2.3004728
168;75PER;;14 16 RUE DAUBIGNY;75017;PARIS;01 43 14 84 30;48.8851693;2.308459
169;75TRO;;14 16 RUE DES SABLONS;75016;PARIS;01 47 04 32 43;48.8644701;2.2824094
170;75INV;;14 AVENUE BOSQUET;75007;PARIS;01 45 55 08 10;48.8599613;2.3026891
171;75TER;;14 AVENUE DE WAGRAM;75017;PARIS;01 46 22 47 92;48.8759315;2.2968733
172;75PAS;;14 AVENUE DU COLONEL BONNET;75016;PARIS;01 45 27 05 21;48.8556359;2.2781859
173;75INV;;14 AVENUE DUQUESNE;75007;PARIS;01 40 56 40 24;48.8521148;2.309102
174;75TER;;14 BIS RUE DARU;75017;PARIS;01 42 27 10 00;48.8781499;2.3023894
175;75PAS;;14 BIS RUE RAYNOUARD;75016;PARIS;01 45 04 55 06;48.8574323;2.283357
176;75ELY;;14 PLACE HENRI BERGSON;75008;PARIS;01 47 42 91 00;48.8762336;2.3202623
177;75AUT;CLI MED ET PED EDOUARD RIST;14 RUE BOILEAU;75016;PARIS;01 40 50 53 64;48.8466758;2.2653883
178;75INV;;14 RUE CHOMEL;75007;PARIS;01 45 48 07 60;48.8518451;2.3245999
179;75ELY;;14 RUE DE NAPLES;75008;PARIS;01 53 69 04 20;48.8797756;2.3196206
180;75VAU;;14 RUE DE VOUILLE;75015;PARIS;01 45 30 01 19;48.8348904;2.303998
181;75PER;;14 RUE GUSTAVE DORE;75017;PARIS;01 42 27 92 00;48.8866469;2.3025061
182;75ELY;;14 RUE LINCOLN;75008;PARIS;01 45 00 80 80;48.8705299;2.3031567
183;75PAS;;14 RUE NICOLO;75016;PARIS;01 40 50 88 62;48.8587441;2.2803554
184;75PAS;;14 RUE RAYNOUARD;75016;PARIS;01 40 50 66 33;48.8575187;2.2834685
185;75INV;;14 RUE ST DOMINIQUE;75007;PARIS;01 42 75 73 12;48.8595533;2.3192587
186;75TRO;;140 AVENUE VICTOR HUGO;75016;PARIS;09 75 27 44 63;48.8672643;2.2793674
187;75PER;;141 BOULEVARD PEREIRE;75017;PARIS;01 47 63 74 67;48.8838174;2.2955604
188;75VAU;;143 BOULEVARD LEFEBVRE;75015;PARIS;01 45 30 22 66;48.8291744;2.2995596
189;92NEU;;143 RUE DE LONGCHAMP;92200;NEUILLY-SUR-SEINE;01 47 45 28 10;48.8759043;2.2502833
190;75PER;;145 RUE DE ROME;75017;PARIS;09 53 60 53 93;48.8862991;2.3159438
191;92NEU;;146 BIS AVENUE CHARLES DE GAULLE;92200;NEUILLY-SUR-SEINE;01 47 45 87 87;48.8841405;2.26354
192;75GRE;;146 BOULEVARD DE GRENELLE;75015;PARIS;01 45 67 89 87;48.8484498;2.2992309
193;75ELY;;146 BOULEVARD HAUSSMANN;75008;PARIS;01 45 62 01 95;48.8753127;2.3123244
194;75PER;;146 BOULEVARD PEREIRE;75017;PARIS;01 43 80 48 89;48.883541;2.2941259
195;75PER;;146 RUE DE COURCELLES;75017;PARIS;01 47 64 06 08;48.882702;2.2997192
196;75GRE;;146 RUE DE LOURMEL;75015;PARIS;01 45 58 10 00;48.8405731;2.2839795
197;75TRO;;147 AVENUE DE MALAKOFF;75016;PARIS;01 45 00 23 22;48.8759236;2.2835805
198;75PER;;147 BOULEVARD MALESHERBES;75017;PARIS;01 42 27 44 59;48.8847444;2.3075359
199;75VAU;;149 BIS RUE BLOMET;75015;PARIS;01 77 36 76 12;48.8387115;2.2950157
200;75MNP;HÔP UNI NECKER;149 RUE DE SEVRES;75015;PARIS;01 71 19 61 94;48.846456;2.3156805
201;92NEU;;15 17 AVENUE STE FOY;92200;NEUILLY-SUR-SEINE;01 40 11 14 91;48.8880559;2.2631192
202;75GRE;;15 17 RUE ROBERT DE FLERS;75015;PARIS;01 45 77 27 75;48.8485966;2.28299
203;75TRO;;15 AVENUE D EYLAU;75016;PARIS;;48.8642764;2.2849691
204;75PER;;15 AVENUE DE VILLIERS;75017;PARIS;01 42 27 08 08;48.8817672;2.313755
205;75TRO;;15 AVENUE RAYMOND POINCARE;75016;PARIS;01 40 74 00 11;48.8645413;2.2864862
206;75TER;;15 BIS AVENUE BEAUCOUR;75017;PARIS;01 45 83 36 48;48.8776255;2.3028113
207;75INV;;15 BIS AVENUE DE VILLARS;75007;PARIS;01 45 51 23 31;48.8513557;2.3140925
208;92NEU;;15 BIS RUE DE L EGLISE;92200;NEUILLY-SUR-SEINE;01 46 24 19 78;48.8860077;2.2641803
209;75ELY;;15 BIS RUE DE MARIGNAN;75008;PARIS;01 45 61 05 25;48.8685732;2.3062558
210;75MNP;;15 BOULEVARD DU MONTPARNASSE;75015;PARIS;01 43 06 58 30;48.8459139;2.3187761
211;75ELY;;15 BOULEVARD MALESHERBES;75008;PARIS;01 58 41 33 01;48.8715094;2.3219788
212;75AUT;;15 QUAI LOUIS BLERIOT;75016;PARIS;09 50 86 58 04;48.8502493;2.2776273
213;75INV;;15 RUE CHASSELOUP LAUBAT;75007;PARIS;01 40 56 90 30;48.8474977;2.305132
214;75AUT;;15 RUE DE L YVETTE;75016;PARIS;01 45 20 32 03;48.8531681;2.2667571
215;75MNP;;15 RUE DE LA CROIX NIVERT;75015;PARIS;01 45 66 78 65;48.8470363;2.3004202
216;75INV;;15 RUE DE LA PLANCHE;75007;PARIS;01 42 84 09 59;48.8525437;2.3250345
217;75ELY;;15 RUE DE SURENE;75008;PARIS;01 47 42 62 00;48.8708723;2.3208078
218;75GRE;;15 RUE DES FRERES MORANE;75015;PARIS;;48.8417147;2.2916732
219;75PER;;15 RUE EUGENE FLACHAT;75017;PARIS;01 42 67 67 67;48.8870006;2.2989781
220;75VAU;HÔP COGNACQ-JAY;15 RUE EUGENE MILLON;75015;PARIS;01 45 30 81 75;48.8376822;2.2927383
221;75TER;;15 RUE FARADAY;75017;PARIS;01 43 80 28 05;48.8821186;2.2932098
222;75VAU;;15 RUE GEORGES PITARD;75015;PARIS;01 42 50 32 69;48.8349431;2.3106352
223;75TRO;;15 RUE LAURISTON;75016;PARIS;01 45 02 12 85;48.8716427;2.2925056
224;75PAS;;15 RUE PETRARQUE;75016;PARIS;01 47 66 23 50;48.8617318;2.283479
225;75TER;;15 RUE PIERRE DEMOURS;75017;PARIS;;48.8806074;2.2929897
226;75PAS;;15 RUE SPONTINI;75016;PARIS;;48.8696922;2.2782669
227;75INV;;150 RUE DE L UNIVERSITE;75007;PARIS;;48.8612041;2.3085786
228;75PER;;151 AVENUE DE WAGRAM;75017;PARIS;01 42 27 57 22;48.8857145;2.3034962
229;75INV;;151 RUE DE GRENELLE;75007;PARIS;01 47 53 98 01;48.8578654;2.3074783
230;92NEU;;152 AVENUE CHARLES DE GAULLE;92200;NEUILLY-SUR-SEINE;01 47 38 00 00;48.884337;2.2629238
231;75GRE;;152 RUE DE JAVEL;75015;PARIS;01 40 60 00 93;48.8423028;2.2898411
232;92NEU;;153 AVENUE CHARLES DE GAULLE;92200;NEUILLY-SUR-SEINE;01 46 24 31 29;48.8829067;2.265206
233;75GRE;;154 RUE DE LOURMEL;75015;PARIS;01 53 66 61 27;48.8399872;2.2833134
234;92NEU;;155 AVENUE CHARLES DE GAULLE;92200;NEUILLY-SUR-SEINE;01 49 09 59 46;48.8830632;2.2647829
235;75VAU;;155 BIS RUE DE LA CONVENTION;75015;PARIS;01 45 30 04 07;48.8389152;2.2929539
236;75MNP;;156 RUE DE VAUGIRARD;75015;PARIS;01 40 61 54 96;48.8434643;2.3139637
237;75PER;;157 AVENUE DE WAGRAM;75017;PARIS;01 47 66 90 02;48.8861455;2.3038104
238;75PAS;;16 AVENUE PAUL DOUMER;75016;PARIS;;48.8611978;2.2835082
239;75PAS;;16 BOULEVARD EMILE AUGIER;75016;PARIS;01 45 03 27 02;48.8598747;2.2740225
240;75TER;;16 PLACE DE VERDUN;75017;PARIS;01 79 62 56 46;48.8785779;2.2803015
241;75ELY;;16 RUE DE TEHERAN;75008;PARIS;01 58 18 38 28;48.87719;2.312731
242;75TER;;16 RUE FARADAY;75017;PARIS;01 43 80 57 68;48.8822175;2.2936601
243;75AUT;;16 RUE FELICIEN DAVID;75016;PARIS;;48.8499643;2.2745706
244;75INV;;16 RUE JOSE MARIA DE HEREDIA;75007;PARIS;01 47 83 23 17;48.8476376;2.3078535
245;75INV;;16 RUE ST ROMAIN;75007;PARIS;01 45 48 06 36;48.8471966;2.3210905
246;92NEU;;160 AVENUE CHARLES DE GAULLE;92200;NEUILLY-SUR-SEINE;01 46 37 54 03;48.8847041;2.2617682
247;75INV;;160 AVENUE DE SUFFREN;75007;PARIS;;48.8466585;2.3077134
248;75GRE;;161 RUE DE JAVEL;75015;PARIS;01 45 33 07 42;48.8416889;2.2909002
249;75PER;;164 RUE DE COURCELLES;75017;PARIS;01 73 70 97 77;48.8834853;2.2989332
250;75PER;;165 RUE DE COURCELLES;75017;PARIS;01 40 09 06 93;48.884239;2.2978484
251;75INV;CLI DE L’ALMA;166 RUE DE L UNIVERSITE;75007;PARIS;;48.8612095;2.3057481
252;92NEU;;169 AVENUE ACHILLE PERETTI;92200;NEUILLY-SUR-SEINE;;48.8850747;2.2655299
253;75ELY;;169 BOULEVARD HAUSSMANN;75008;PARIS;01 45 62 00 50;48.8748233;2.3075226
254;75TER;HÔP MARMOTTAN;17 19 RUE D ARMAILLE;75017;PARIS;01 56 68 70 13;48.8781687;2.2913543
255;75TRO;;17 AVENUE VICTOR HUGO;75016;PARIS;01 53 64 02 64;48.8722393;2.2916969
256;75MNP;CDS SOMED;17 BOULEVARD DE VAUGIRARD;75015;PARIS;01 40 48 14 44;48.8414513;2.3190734
257;75INV;;17 BOULEVARD RASPAIL;75007;PARIS;01 49 57 70 00;48.8539918;2.3263511
258;75PAS;;17 CHAUSSEE DE LA MUETTE;75016;PARIS;01 45 20 54 65;48.8579549;2.2729588
259;75PER;;17 RUE ALFRED ROLL;75017;PARIS;01 46 22 64 02;48.8877785;2.2998524
260;75TER;;17 RUE DARU;75017;PARIS;01 47 63 37 94;48.8782811;2.3023243
261;75PAS;;17 RUE DE LA POMPE;75016;PARIS;01 75 50 97 72;48.8598203;2.2750992
262;75ELY;;17 RUE DE MONCEAU;75008;PARIS;01 40 53 87 25;48.8760939;2.3072848
263;75ELY;;17 RUE DE TREMOILLE;75008;PARIS;09 84 14 31 39;48.8676761;2.3039482
264;75PAS;;17 RUE DES MARRONNIERS;75016;PARIS;01 45 20 78 62;48.854682;2.2763044
265;75TER;;17 RUE DU COLONEL MOLL;75017;PARIS;01 43 80 64 89;48.8774907;2.2903208
266;75TRO;;17 RUE GREUZE;75016;PARIS;01 47 55 08 50;48.8640524;2.2833655
267;75GRE;;17 RUE MADEMOISELLE;75015;PARIS;01 47 34 11 49;48.8436415;2.2948787
268;75AUT;;17 RUE MICHEL ANGE;75016;PARIS;01 45 24 04 75;48.8466655;2.2632166
269;75PAS;;17 RUE PETRARQUE;75016;PARIS;;48.861916;2.2832286
270;75INV;;17 RUE ROUSSELET;75007;PARIS;;48.849121;2.3183556
271;75ELY;;170 BOULEVARD HAUSSMANN;75008;PARIS;;48.8751679;2.3086103
272;75AUT;;171 BOULEVARD MURAT;75016;PARIS;01 45 24 27 27;48.8387763;2.2639624
273;75PER;;172 BOULEVARD BERTHIER;75017;PARIS;01 40 68 77 73;48.8862421;2.2942526
274;75PER;;174 RUE DE COURCELLES;75017;PARIS;01 45 74 75 15;48.8838582;2.2985581
275;75VAU;;175 RUE DE LA CONVENTION;75015;PARIS;01 45 33 05 21;48.8380662;2.29482
276;75TRO;;175 RUE DE LA POMPE;75016;PARIS;01 89 16 67 76;48.8597745;2.2752006
277;75INV;;176 RUE DE GRENELLE;75007;PARIS;01 44 18 33 33;48.8579456;2.3070273
278;75MNP;MGEN;178 RUE DE VAUGIRARD;75015;PARIS;01 44 49 28 28;48.842708099999996;2.3096868949876264
279;75MNP;MGEN;178 T RUE DE VAUGIRARD;75015;PARIS;01 44 49 27 77;48.8360181;2.293826
280;75GRE;;18 20 RUE ST SAENS;75015;PARIS;09 86 52 59 17;48.8534103;2.2914127
281;75TER;;18 AVENUE CARNOT;75017;PARIS;01 45 74 32 40;48.8761818;2.2932272
282;75GRE;;18 RUE CAUCHY;75015;PARIS;01 45 54 18 18;48.8429578;2.2759583
283;75TRO;;18 RUE DES BELLES FEUILLES;75016;PARIS;;48.8664888;2.2824639
284;75MNP;;18 RUE DU GENERAL BEURET;75015;PARIS;01 45 32 57 51;48.841199;2.302564
285;75ELY;;18 RUE DUPHOT;75008;PARIS;01 42 40 20 00;48.8686046;2.325548
286;92LEV;;18 RUE GREFFULHE;92300;LEVALLOIS PERRET;01 55 63 90 10;48.8952262;2.2760109
287;75TRO;;18 RUE GREUZE;75016;PARIS;;48.8639645;2.283951
288;75ELY;;18 RUE MARBEUF;75008;PARIS;01 47 23 42 22;48.8683322;2.3033875
289;92LEV;;18 RUE MARIUS AUFAN;92300;LEVALLOIS PERRET;01 47 57 41 91;48.8885916;2.2867077
290;75VAU;;18 RUE OLIVIER DE SERRES;75015;PARIS;01 42 50 20 55;48.8364253;2.2975083
291;75PER;;18 RUE PHILIBERT DELORME;75017;PARIS;01 43 80 92 63;48.888527;2.302719
292;75ELY;;18 RUE ROYALE;75008;PARIS;01 42 60 29 17;48.8685635;2.3237135
293;75PER;;18 RUE SALNEUVE;75017;PARIS;;48.8854991;2.3143626
294;75PER;;18 RUE THEODULE RIBOT;75017;PARIS;;48.880144;2.300194
295;75GRE;;181 RUE ST CHARLES;75015;PARIS;01 40 60 16 39;48.8412611;2.2809853
296;75ELY;;186 BOULEVARD HAUSSMANN;75008;PARIS;01 42 89 53 37;48.8750863;2.3065423
297;75VAU;;186 RUE DE LA CONVENTION;75015;PARIS;;48.8376894;2.295171
298;75PER;;187 RUE DE COURCELLES;75017;PARIS;01 42 27 42 19;48.8868395;2.2950741
299;75MNP;;19 21 RUE CAMBRONNE;75015;PARIS;01 53 06 76 66;48.8426951;2.3026387
300;75INV;;19 AVENUE DE LA BOURDONNAIS;75007;PARIS;01 45 55 25 05;48.8594215;2.2976204
301;75INV;;19 AVENUE DE TOURVILLE;75007;PARIS;01 64 60 24 35;48.8538447;2.3083215
302;75ELY;;19 AVENUE FRANKLIN DELANO ROOSEVELT;75008;PARIS;01 42 56 65 65;48.8664177;2.3099852
303;75PER;;19 RUE AMPERE;75017;PARIS;;48.8851346;2.3046872
304;75MNP;;19 RUE BARGUE;75015;PARIS;01 43 06 38 56;48.8392123;2.3075163
305;75TER;;19 RUE CHATEAUBRIAND;75017;PARIS;01 53 92 25 65;48.8735061;2.3008607
306;75ELY;;19 RUE D EDIMBOURG;75008;PARIS;;48.8793428;2.3201022
307;75GRE;;19 RUE DE LA CONVENTION;75015;PARIS;01 74 64 29 95;48.84516;2.2792174
308;75ELY;;19 RUE DUPHOT;75008;PARIS;01 42 60 87 60;48.8685731;2.3254228
309;75AUT;;19 RUE MICHEL ANGE;75016;PARIS;01 40 50 88 88;48.846443;2.2630344
310;75AUT;;19 RUE MIRABEAU;75016;PARIS;01 42 15 16 33;48.8464759;2.2709637
311;75AUT;;19 RUE MOLITOR;75016;PARIS;;48.8451014;2.2636311
312;75INV;;19 RUE MONSIEUR;75007;PARIS;01 47 34 69 65;48.8502974;2.3165995
313;75INV;;19 RUE OUDINOT;75007;PARIS;01 78 95 83 25;48.8499234;2.3167729
314;75GRE;;19 RUE THEODORE DECK;75015;PARIS;01 44 49 48 48;48.837343;2.2899498
315;92NEU;;190 BOULEVARD BINEAU;92200;NEUILLY-SUR-SEINE;01 46 24 32 52;48.8930882;2.2686534
316;75PAS;;192 194 AVENUE VICTOR HUGO;75016;PARIS;01 45 04 93 95;48.8652952;2.2750333
317;75INV;;193 BOULEVARD ST GERMAIN;75007;PARIS;01 45 44 00 95;48.8550048;2.3280408
318;75AUT;;196 AVENUE DE VERSAILLES;75016;PARIS;01 42 88 95 50;48.8391366;2.2606949
319;75INV;;198 BOULEVARD ST GERMAIN;75007;PARIS;01 45 49 22 62;48.8548462;2.3296311
320;75INV;;199 RUE DE GRENELLE;75007;PARIS;01 46 22 21 84;48.8563345;2.3028912
321;75MNP;;199 RUE DE VAUGIRARD;75015;PARIS;01 47 34 50 46;48.8422849;2.3107396
322;75GRE;;2 14 RUE DES CEVENNES;75015;PARIS;01 44 77 72 01;48.8428445;2.2799621
323;75INV;;2 A AVENUE DE SEGUR;75007;PARIS;01 53 59 88 00;48.8533639;2.3116809
324;75AUT;;2 AVENUE DU GENERAL BALFOURIER;75016;PARIS;01 45 04 20 85;48.8450329;2.2599876
325;75INV;;2 BIS RUE BOUGAINVILLE;75007;PARIS;;48.8558374;2.308166
326;92LEV;;2 BIS RUE CAMILLE PELLETAN;92300;LEVALLOIS PERRET;01 46 39 22 35;48.8952403;2.2881481
327;92NEU;;2 BIS RUE DE L EGLISE;92200;NEUILLY-SUR-SEINE;01 46 24 49 51;48.846456;2.3156805
328;75PAS;;2 BIS SQUARE LAMARTINE;75016;PARIS;01 45 65 61 06;48.8643086;2.2746947
329;75AUT;;2 PLACE DE BARCELONE;75016;PARIS;01 42 24 08 88;48.8478343;2.2737265
330;75PAS;;2 PLACE DE PASSY;75016;PARIS;;48.857809;2.2774307
331;75PAS;;2 RUE ANDRE PASCAL;75016;PARIS;01 45 24 83 88;48.86167375;2.2692356597225416
332;75AUT;;2 RUE CHARLES MARIE WIDOR;75016;PARIS;09 53 34 95 40;48.8408444;2.2631639
333;75MNP;;2 RUE CORBON;75015;PARIS;01 45 32 85 64;48.8365869;2.3030925
334;75AUT;;2 RUE D AUTEUIL;75016;PARIS;01 77 11 18 67;48.8476282;2.2689421
335;75AUT;;2 RUE DE CIVRY;75016;PARIS;01 46 51 02 54;48.8441127;2.2584033
336;75PER;;2 RUE DE PHALSBOURG;75017;PARIS;01 40 54 92 71;48.8811531;2.3091505
337;75MNP;;2 RUE DES FAVORITES;75015;PARIS;01 48 42 50 20;48.8397172;2.3025998
338;92NEU;;2 RUE DES HUISSIERS;92200;NEUILLY-SUR-SEINE;01 47 22 98 61;48.8836113;2.2653357
339;75VAU;;2 RUE FERDINAND FABRE;75015;PARIS;01 48 42 36 94;48.8390839;2.295971
340;75PER;;2 RUE GEORGES BERGER;75017;PARIS;01 48 88 26 60;48.8808262;2.3100397
341;75MNP;CPMI SECHE;2 RUE LEON SECHE;75015;PARIS;;48.8418596;2.2982823
342;75PAS;;2 RUE ROBERT LE COIN;75016;PARIS;01 45 20 62 95;48.855091;2.2733128
343;75INV;;2 RUE ROSA BONHEUR;75007;PARIS;01 45 55 29 00;48.846687;2.3109503
344;75INV;CLI ST JEAN DE DIEU;2 RUE ROUSSELET;75007;PARIS;01 40 61 11 22;48.8477909;2.3190477
345;75MNP;;2 SQUARE DU CROISIC;75015;PARIS;01 44 93 58 47;48.8459776;2.3175719
346;75PAS;;2 SQUARE MIGNOT;75016;PARIS;01 47 55 07 70;48.8621219;2.2830776
347;75TRO;;2 VILLA BOISSIERE;75016;PARIS;01 44 05 96 37;48.8662961;2.290518
348;75TRO;;2 VILLA MALAKOFF;75016;PARIS;01 45 05 13 12;48.8656044;2.286495
349;75PER;;2 VILLA MONCEAU;75017;PARIS;01 40 54 99 19;48.8830291;2.2997206
350;92NEU;;20 AVENUE CHARLES DE GAULLE;92200;NEUILLY-SUR-SEINE;01 47 47 53 51;48.8790979;2.279392
351;75TER;;20 BIS RUE DARU;75017;PARIS;;48.8784675;2.3029295
352;75ELY;;20 BIS RUE LA BOETIE;75008;PARIS;01 44 90 03 76;48.8741107;2.3164706
353;75INV;;20 RUE CLER;75007;PARIS;01 45 55 79 91;48.8580041;2.3056873
354;75TER;;20 RUE D ARMAILLE;75017;PARIS;;48.8781878;2.2915785
355;75TRO;;20 RUE DE LONGCHAMP;75016;PARIS;;48.865005;2.2910657
356;75GRE;HEGP;20 RUE LEBLANC;75015;PARIS;01 56 09 35 51;48.8388657;2.2749032
357;75PAS;;20 RUE RAYNOUARD;75016;PARIS;01 45 25 44 19;48.8571383;2.2828965
358;75PAS;;20 RUE SCHEFFER;75016;PARIS;01 47 27 29 00;48.8612432;2.2831557
359;75VAU;;200 RUE DE LA CONVENTION;75015;PARIS;01 56 56 06 44;48.8370777;2.2965833
360;92NEU;;203 AVENUE CHARLES DE GAULLE;92200;NEUILLY-SUR-SEINE;01 47 45 01 45;48.8845879;2.2598986
361;75GRE;;204 BIS RUE DE LA CROIX NIVERT;75015;PARIS;01 45 58 10 32;48.8375896;2.2892829
362;75MNP;;204 RUE DE VAUGIRARD;75015;PARIS;01 53 69 18 71;48.8413706;2.3068851
363;75VAU;;205 RUE DE JAVEL;75015;PARIS;01 53 68 43 00;48.8389587;2.2941199
364;75TER;CDS MEDIKSANTE;206 BOULEVARD PEREIRE;75017;PARIS;01 45 78 36 00;48.8804722;2.2884467
365;75MNP;;208 RUE DE VAUGIRARD;75015;PARIS;;48.8412671;2.306508
366;75MNP;;209 211 RUE DE VAUGIRARD;75015;PARIS;;48.8360181;2.293826
367;75INV;;209 BOULEVARD ST GERMAIN;75007;PARIS;;48.8563835;2.3250996
368;92NEU;;21 23 RUE MONTROSIER;92200;NEUILLY-SUR-SEINE;01 77 37 59 34;48.8813376;2.2798191
369;75TRO;;21 AVENUE GEORGE V;75016;PARIS;01 42 67 13 68;48.8672639;2.3009789
370;75TER;;21 AVENUE MAC MAHON;75017;PARIS;01 58 05 01 40;48.8769247;2.2942577
371;75TRO;;21 BIS AVENUE D IENA;75016;PARIS;01 53 23 80 23;48.8629379;2.2921
372;75PER;;21 BIS RUE GALVANI;75017;PARIS;;48.8839834;2.2901511
373;75INV;;21 BIS RUE PIERRE LEROUX;75007;PARIS;;48.8491309;2.3191686
374;75INV;;21 PLACE JOFFRE;75007;PARIS;01 44 42 39 28;48.8515374;2.3018648
375;75GRE;;21 RUE BALARD;75015;PARIS;01 40 60 94 34;48.8403352;2.2780205
376;75AUT;;21 RUE CHANEZ;75016;PARIS;01 40 71 19 05;48.8464296;2.2595562
377;75PER;;21 RUE DE CHAZELLES;75017;PARIS;01 48 88 26 60;48.8799578;2.3042853
378;75TER;;21 RUE DU COLONEL MOLL;75017;PARIS;;48.8777531;2.2901213
379;75INV;;21 RUE DU GENERAL BERTRAND;75007;PARIS;01 53 86 05 70;48.8470273;2.3138479
380;75TER;;21 RUE FARADAY;75017;PARIS;01 43 80 30 42;48.8824297;2.2938006
381;75TER;;21 RUE LAUGIER;75017;PARIS;01 45 72 60 27;48.8806667;2.2961278
382;75AUT;;21 RUE PIERRE GUERIN;75016;PARIS;01 46 51 08 88;48.8494734;2.265764
383;75INV;;21 RUE PIERRE LEROUX;75007;PARIS;01 47 34 60 07;48.8488294;2.3193792
384;75ELY;;21 RUE ROYALE;75008;PARIS;01 40 17 91 86;48.8686737;2.3231465
385;75ELY;;21 RUE TRONCHET;75008;PARIS;;48.8723408;2.3259449
386;75VAU;;210 RUE LECOURBE;75015;PARIS;01 42 50 44 50;48.8402963;2.2947997
387;75TER;;218 BIS BOULEVARD PEREIRE;75017;PARIS;01 45 74 58 52;48.8789736;2.2856743
388;75TRO;;22 AVENUE D EYLAU;75016;PARIS;01 47 04 50 52;48.8645847;2.2847856
389;75TER;;22 AVENUE DE FRIEDLAND;75017;PARIS;01 45 72 30 02;48.8745138;2.3004867
390;75TER;;22 RUE BEAUJON;75017;PARIS;01 47 66 46 32;48.8751135;2.300012
391;92LEV;;22 RUE D ALSACE;92300;LEVALLOIS PERRET;02 98 59 06 60;48.89100365;2.2953241042757595
392;75TRO;;22 RUE DES SABLONS;75016;PARIS;01 53 70 90 00;48.8649749;2.2827778
393;75INV;;22 RUE DUROC;75007;PARIS;01 46 33 18 00;48.8476614;2.3128668
394;75VAU;MDS CONVENTION-LECOURBE;223 RUE LECOURBE;75015;PARIS;01 42 50 02 61;48.8397469;2.293798
395;75VAU;;228 RUE DE LA CONVENTION;75015;PARIS;01 45 31 47 17;48.8360938;2.2997856
396;75TRO;;23 AVENUE VICTOR HUGO;75016;PARIS;01 53 75 06 55;48.8720433;2.2912338
397;75PAS;;23 BOULEVARD DELESSERT;75016;PARIS;01 45 53 74 94;48.8585171;2.2851441
398;75INV;;23 BOULEVARD DU MONTPARNASSE;75007;PARIS;01 42 84 11 74;48.8466748;2.316799
399;75TRO;;23 RUE DECAMPS;75016;PARIS;01 47 04 95 98;48.8644362;2.2809118
400;75GRE;;23 RUE DU LAOS;75015;PARIS;;48.8492667;2.3013682
401;75TRO;CLI BIZET;23 RUE GEORGES BIZET;75016;PARIS;01 40 69 34 35;48.8676295;2.2969216
402;92LEV;;23 RUE MARIUS AUFAN;92300;LEVALLOIS PERRET;01 76 21 75 65;48.888979;2.2860809
403;75GRE;;23 RUE TIPHAINE;75015;PARIS;01 45 75 47 02;48.8488195;2.2966017
404;75ELY;;230 RUE DU FAUBOURG ST HONORE;75008;PARIS;01 45 63 55 31;48.8760275;2.3030413
405;75VAU;;233 RUE DE LA CROIX NIVERT;75015;PARIS;01 45 33 40 99;48.8350376;2.289952
406;75TER;;235 RUE DU FAUBOURG ST HONORE;75017;PARIS;01 42 67 55 50;48.8774404;2.2988065
407;75VAU;;237 RUE DE LA CROIX NIVERT;75015;PARIS;01 45 31 21 31;48.8347426;2.2900002
408;75TRO;;24 BIS AVENUE DU PRESIDENT WILSON;75016;PARIS;01 47 55 61 62;48.846456;2.3156805
409;75GRE;;24 BOULEVARD DE GRENELLE;75015;PARIS;;48.8529028;2.2900016
410;75MNP;;24 BOULEVARD PASTEUR;75015;PARIS;01 34 89 30 02;48.8424998;2.3124984
411;75TER;;24 RUE BAYEN;75017;PARIS;01 40 68 70 00;48.8804684;2.293832
412;75PER;;24 RUE CARDINET;75017;PARIS;01 40 54 90 40;48.8818548;2.303433
413;92NEU;;25 27 BOULEVARD VICTOR HUGO;92200;NEUILLY-SUR-SEINE;;48.8929509;2.2738142
414;75INV;;25 AVENUE BOSQUET;75007;PARIS;;48.8596172;2.3033689
415;75MNP;;25 RUE DE LA CROIX NIVERT;75015;PARIS;01 47 83 72 45;48.8466445;2.2998459
416;75GRE;;25 RUE DESAIX;75015;PARIS;01 47 34 26 53;48.8526445;2.2929973
417;75GRE;;25 RUE DU DOCTEUR FINLAY;75015;PARIS;;48.8521688;2.2893393
418;92LEV;;25 RUE ERNEST COGNACQ;92300;LEVALLOIS PERRET;01 47 57 58 13;48.896432;2.2766074
419;75TER;;25 RUE PIERRE DEMOURS;75017;PARIS;01 43 80 96 64;48.8811496;2.2942061
420;75AUT;;25 RUE PIERRE GUERIN;75016;PARIS;01 45 27 51 20;48.8498893;2.2653718
421;75INV;;25 RUE ROUSSELET;75007;PARIS;01 47 07 41 70;48.8487356;2.3185688
422;75TRO;;25 RUE ST DIDIER;75016;PARIS;01 42 33 77 17;48.8661893;2.2868653
423;75VAU;;25 RUE THIBOUMERY;75015;PARIS;01 40 61 06 10;48.8354811;2.3041036
424;75VAU;;25 RUE VICTOR DURUY;75015;PARIS;;48.8366955;2.2997368
425;75INV;;252 BOULEVARD ST GERMAIN;75007;PARIS;01 45 48 60 13;48.8579835;2.3238627
426;75MNP;;254 RUE DE VAUGIRARD;75015;PARIS;01 56 56 89 89;48.8398238;2.3017139
427;75TER;;254 RUE DU FAUBOURG ST HONORE;75017;PARIS;01 45 62 56 56;48.8770893;2.3006762
428;75TER;;26 AVENUE CARNOT;75017;PARIS;;48.8766657;2.2928191
429;75GRE;;26 AVENUE DE LOWENDAL;75015;PARIS;01 47 34 04 20;48.8487318;2.3023573
430;75PER;;26 AVENUE DE VILLIERS;75017;PARIS;;48.8822543;2.3127945
431;75TER;;26 BOULEVARD GOUVION ST CYR;75017;PARIS;01 88 46 88 19;48.8834652;2.2878138
432;92NEU;CLI AMBROISE PARÉ;26 BOULEVARD VICTOR HUGO;92200;NEUILLY-SUR-SEINE;;48.88596565;2.280635080808917
433;75TRO;;26 RUE BOISSIERE;75016;PARIS;01 47 04 14 14;48.8664251;2.2911541
434;75AUT;;26 RUE ERLANGER;75016;PARIS;01 46 51 55 68;48.8460747;2.2608564
435;75MNP;;26 RUE PECLET;75015;PARIS;01 48 28 55 00;48.8411199;2.2996493
436;75TER;;26 RUE WASHINGTON;75017;PARIS;01 43 59 46 63;48.8731896;2.3031805
437;75GRE;;269 RUE LECOURBE;75015;PARIS;09 86 72 71 56;48.8384314;2.2895621
438;92NEU;;27 BOULEVARD VICTOR HUGO;92200;NEUILLY-SUR-SEINE;;48.8865192;2.2788238
439;75MNP;;27 RUE BLOMET;75015;PARIS;;48.8428984;2.3066104
440;75PER;;27 RUE CURNONSKY;75017;PARIS;01 48 88 07 28;48.8897162;2.2943133
441;75GRE;;27 RUE DE LA CONVENTION;75015;PARIS;01 43 17 65 02;48.8447434;2.2801346
442;75PER;;27 RUE DE TOCQUEVILLE;75017;PARIS;01 43 18 09 90;48.8836976;2.3120027
443;75TER;;27 RUE FOURCROY;75017;PARIS;01 42 27 73 05;48.881251;2.2982861
444;75ELY;;27 RUE MARBEUF;75008;PARIS;;48.8690825;2.3042395
445;75MNP;;27 VILLA CROIX NIVERT;75015;PARIS;01 40 56 39 99;48.8456239;2.3009981
446;75TER;;275 BOULEVARD PEREIRE;75017;PARIS;07 71 21 67 68;48.8777881;2.2847221
447;75INV;;276 BOULEVARD ST GERMAIN;75007;PARIS;;48.8606724;2.3213268
448;75MNP;;277 RUE DE VAUGIRARD;75015;PARIS;01 44 49 50 47;48.8395919;2.3021142
449;75TER;;28 AVENUE CARNOT;75017;PARIS;01 43 22 33 25;48.875023049999996;2.29359006526498
450;75TRO;;28 AVENUE D EYLAU;75016;PARIS;01 47 27 64 35;48.8649043;2.2842595
451;75TER;;28 AVENUE DE FRIEDLAND;75017;PARIS;01 47 04 14 11;48.8744227;2.2996662
452;75TRO;;28 AVENUE DU PRESIDENT WILSON;75016;PARIS;;48.8642539;2.2913536
453;75TER;;28 AVENUE HOCHE;75017;PARIS;01 47 20 59 61;48.8761009;2.3001535
454;75TER;;28 PLACE ST FERDINAND;75017;PARIS;01 44 09 90 90;48.8782123;2.2882874
455;75GRE;;28 RUE DESAIX;75015;PARIS;01 45 75 40 16;48.8527571;2.2927785
456;75TRO;;28 RUE GUSTAVE COURBET;75016;PARIS;01 47 27 06 74;48.8671933;2.281063
457;75GRE;;28 RUE VIALA;75015;PARIS;01 45 77 38 29;48.850229;2.2895758
458;75MNP;;285 RUE DE VAUGIRARD;75015;PARIS;01 45 33 28 56;48.8394208;2.3011516
459;75INV;;29 AVENUE DE LOWENDAL;75007;PARIS;01 53 86 93 77;48.8489005;2.3033815
460;75GRE;;29 AVENUE DE SUFFREN;75015;PARIS;01 45 66 01 25;48.8553008;2.2946828
461;75ELY;;29 BIS RUE D ASTORG;75008;PARIS;01 43 12 31 00;48.8740337;2.3194293
462;75PAS;;29 RUE DAVIOUD;75016;PARIS;01 76 21 55 80;48.854956;2.2706705
463;92LEV;;29 RUE KLEBER;92300;LEVALLOIS PERRET;01 46 39 09 09;48.893331;2.2818203
464;75AUT;;29 RUE MIRABEAU;75016;PARIS;01 44 96 33 06;48.8461454;2.269894
465;75TRO;;29 RUE ST DIDIER;75016;PARIS;01 45 65 87 14;48.8663105;2.2858208
466;75VAU;;3 5 RUE EUGENE MILLON;75015;PARIS;01 45 65 61 11;48.8382926;2.2939007
467;75TRO;;3 AVENUE DU PRESIDENT WILSON;75016;PARIS;;48.8647953;2.2997065
468;75ELY;;3 AVENUE MONTAIGNE;75008;PARIS;01 44 17 80 20;48.8651498;2.3022858
469;92NEU;;3 BIS RUE SOYER;92200;NEUILLY-SUR-SEINE;01 84 11 83 20;48.887384;2.2619322
470;92LEV;;3 BOULEVARD BINEAU;92300;LEVALLOIS PERRET;01 84 00 70 07;48.8863456;2.2850202
471;75PAS;;3 BOULEVARD EMILE AUGIER;75016;PARIS;01 45 27 27 09;48.8587201;2.2730219
472;75TER;;3 RUE BALNY D AVRICOURT;75017;PARIS;01 43 80 71 05;48.8828332;2.2970589
473;92LEV;HÔP FRANCO-BRITANNIQUE;3 RUE BARBES;92300;LEVALLOIS PERRET;01 46 39 22 35;48.8901525;2.2810839
474;75AUT;;3 RUE CHARLES TELLIER;75016;PARIS;;48.8384939;2.2621299
475;75MNP;;3 RUE D ALLERAY;75015;PARIS;01 71 24 35 28;48.8388968;2.3004394
476;75GRE;;3 RUE D OUESSANT;75015;PARIS;01 47 83 54 87;48.8502958;2.296965
477;75GRE;;3 RUE DE BUENOS AIRES;75015;PARIS;01 45 30 66 95;48.8570084;2.2920512
478;75AUT;;3 RUE DE L AMIRAL CLOUE;75016;PARIS;01 45 27 15 53;48.8471913;2.2739288
479;75PAS;;3 RUE DE MONTEVIDEO;75016;PARIS;09 80 31 67 15;48.8681285;2.274591
480;75TER;;3 RUE DES TERNES;75017;PARIS;01 45 72 09 03;48.8808638;2.2885934
481;75VAU;;3 RUE EUGENE MILLON;75015;PARIS;01 45 65 61 21;48.8381664;2.2937974
482;75PER;;3 RUE GOUNOD;75017;PARIS;01 44 40 45 92;48.8827039;2.3007778
483;75INV;;3 RUE JEAN FERRANDI;75007;PARIS;01 43 35 18 71;48.847394;2.3231246
484;75INV;;3 RUE OUDINOT;75007;PARIS;01 43 06 11 16;48.8504011;2.3190605
485;75INV;;3 RUE ROUSSELET;75007;PARIS;01 57 02 29 81;48.8499056;2.3179215
486;75VAU;;3 SQUARE FREDERIC VALLOIS;75015;PARIS;01 48 56 21 72;48.8355613;2.3032161
487;75GRE;;3 SQUARE THEODORE JUDLIN;75015;PARIS;01 40 65 05 33;48.8488618;2.3008148
488;75ELY;;30 32 AVENUE DES CHAMPS ELYSEES;75008;PARIS;01 43 70 28 28;48.8659085;2.3197651
489;75TRO;;30 AVENUE DU PRESIDENT WILSON;75016;PARIS;01 53 70 43 21;48.8641952;2.2911329
490;75TER;;30 RUE BREY;75017;PARIS;01 43 80 83 53;48.8771084;2.2950833
491;75TRO;;30 RUE DE LUBECK;75016;PARIS;;48.8647315;2.2912034
492;75GRE;;30 RUE LETELLIER;75015;PARIS;01 45 71 00 11;48.8478553;2.2963047
493;92LEV;;30 RUE RASPAIL;92300;LEVALLOIS PERRET;09 73 05 56 03;48.8975757;2.2922048
494;75PER;;31 33 RUE HENRI ROCHEFORT;75017;PARIS;01 58 41 33 01;48.8821185;2.3076772
495;75INV;;31 AVENUE DE LA BOURDONNAIS;75007;PARIS;01 45 65 42 00;48.8588768;2.298554
496;75INV;;31 AVENUE DE LOWENDAL;75007;PARIS;01 40 44 39 46;48.8487897;2.3032244
497;75GRE;;31 AVENUE FELIX FAURE;75015;PARIS;01 40 60 10 17;48.8415313;2.2892307
498;75PAS;;31 RUE DE LA TOUR;75016;PARIS;01 42 88 80 90;48.8597597;2.2818367
499;75GRE;;31 RUE ROBERT DE FLERS;75015;PARIS;01 45 78 10 90;48.8486136;2.2831291
500;75ELY;;31 RUE TRONCHET;75008;PARIS;01 44 56 00 65;48.8729775;2.3264116
501;75MNP;;311 RUE DE VAUGIRARD;75015;PARIS;01 56 08 08 18;48.838685;2.2994011
502;75MNP;;317 RUE DE VAUGIRARD;75015;PARIS;01 45 32 34 99;48.8384525;2.2989174
503;75MNP;;32 BIS BOULEVARD DE VAUGIRARD;75015;PARIS;01 43 36 07 61;48.8413815;2.3173994
504;75PER;;32 BOULEVARD DE COURCELLES;75017;PARIS;01 47 63 01 22;48.8808706;2.3113696
505;75MNP;;32 BOULEVARD DE VAUGIRARD;75015;PARIS;01 43 21 75 75;48.8414248;2.3175498
506;75INV;;32 BOULEVARD RASPAIL;75007;PARIS;01 45 49 02 45;48.8528282;2.3262483
507;75TER;;32 RUE DES RENAUDES;75017;PARIS;01 46 22 26 13;48.8804857;2.2982706
508;75INV;;33 AVENUE DE LOWENDAL;75007;PARIS;01 73 71 80 62;48.8487371;2.3031474
509;92LEV;;33 PLACE GEORGES POMPIDOU;92300;LEVALLOIS PERRET;09 83 36 92 95;48.8991383;2.2815474
510;75PAS;;33 RUE BENJAMIN FRANKLIN;75016;PARIS;01 47 27 24 75;48.861199;2.2862995
511;75PAS;;33 RUE DE LA TOUR;75016;PARIS;01 44 08 58 83;48.8598227;2.2816807
512;75GRE;;33 RUE DES BERGERS;75015;PARIS;01 45 78 12 13;48.8428656;2.2812699
513;75AUT;;33 RUE JOUVENET;75016;PARIS;01 46 47 06 15;48.8431973;2.2642513
514;75PAS;;33 RUE NICOLO;75016;PARIS;;48.8594856;2.2792141
515;75VAU;;33 RUE OLIVIER DE SERRES;75015;PARIS;01 45 30 03 06;48.8352673;2.2965062
516;75INV;;33 RUE ROUSSELET;75007;PARIS;01 45 66 56 72;48.8483211;2.3187979
517;75GRE;;33 RUE SEBASTIEN MERCIER;75015;PARIS;01 40 59 80 32;48.8440952;2.2796001
518;75VAU;;335 RUE DE VAUGIRARD;75015;PARIS;01 40 43 17 65;48.837488;2.2971529
519;75TRO;;34 AVENUE D EYLAU;75016;PARIS;01 40 72 33 57;48.8651552;2.2838456
520;75INV;;34 AVENUE DE LA MOTTE PICQUET;75007;PARIS;01 45 51 57 30;48.8552712;2.3066799
521;75AUT;;34 AVENUE DU GENERAL SARRAIL;75016;PARIS;01 87 44 24 24;48.8476216;2.2572224
522;75VAU;;34 RUE DESNOUETTES;75015;PARIS;;48.8360396;2.2903229
523;75PER;;34 RUE FORTUNY;75017;PARIS;01 40 54 85 35;48.8825992;2.307546
524;75TER;;34 RUE LAUGIER;75017;PARIS;01 40 05 32 46;48.8820069;2.2948973
525;75TRO;;34 RUE PERGOLESE;75016;PARIS;01 40 67 93 06;48.8747171;2.2832203
526;75GRE;;341 RUE LECOURBE;75015;PARIS;01 45 54 38 47;48.8368065;2.2840085
527;75TRO;;35 AVENUE D EYLAU;75016;PARIS;01 47 27 18 08;48.8651119;2.283593
528;75ELY;;35 AVENUE FRANKLIN DELANO ROOSEVELT;75008;PARIS;01 40 05 51 89;48.8676107;2.309926
529;75AUT;;35 AVENUE THEOPHILE GAUTIER;75016;PARIS;01 42 88 72 16;48.8497269;2.2719742
530;92LEV;;35 BIS RUE RIVAY;92300;LEVALLOIS PERRET;01 47 37 17 33;48.8931642;2.2904062
531;75VAU;;35 BOULEVARD LEFEBVRE;75015;PARIS;01 45 32 14 13;48.8317691;2.2909537
532;75GRE;;35 RUE BALARD;75015;PARIS;;48.8431778;2.2776189
533;75GRE;;35 RUE DES CEVENNES;75015;PARIS;01 45 58 17 36;48.8433578;2.2788702
534;75ELY;;35 RUE DU GENERAL FOY;75008;PARIS;01 43 87 21 99;48.8797362;2.3168675
535;75GRE;;35 RUE DUPLEIX;75015;PARIS;01 42 73 33 62;48.8508657;2.2959952
536;75INV;;35 RUE ST DOMINIQUE;75007;PARIS;;48.8596486;2.3185631
537;75GRE;;354 RUE LECOURBE;75015;PARIS;01 45 54 00 96;48.8366388;2.2824964
538;75INV;;36 AVENUE DE LA MOTTE PICQUET;75007;PARIS;01 45 50 20 22;48.8551459;2.3064958
539;75TER;;36 AVENUE DE WAGRAM;75017;PARIS;01 42 27 68 70;48.8769268;2.2975973
540;75TER;;36 AVENUE NIEL;75017;PARIS;01 42 27 38 68;48.8817183;2.2959871
541;75PAS;;36 BIS RUE NICOLO;75016;PARIS;01 40 72 28 88;48.8605499;2.2771133
542;92NEU;HÔP DE NEUILLY;36 BOULEVARD DU GENERAL LECLERC;92200;NEUILLY-SUR-SEINE;01 40 88 61 64;48.8907843;2.2626361
543;75TRO;;36 RUE DE L AMIRAL HAMELIN;75016;PARIS;01 40 70 06 10;48.86774;2.2920184
544;75PER;;36 RUE DE LEVIS;75017;PARIS;01 43 87 50 25;48.8830451;2.3146352
545;75INV;;36 RUE DE VERNEUIL;75007;PARIS;01 49 27 05 80;48.8579227;2.3294689
546;75ELY;;36 RUE DES MATHURINS;75008;PARIS;01 42 66 29 37;48.8732663;2.3256206
547;75GRE;;36 RUE DESAIX;75015;PARIS;;48.8522831;2.2922019
548;75ELY;;36 RUE DU COLISEE;75008;PARIS;01 44 09 88 03;48.8714777;2.3105747
549;75MNP;;36 RUE DU GENERAL BEURET;75015;PARIS;01 48 28 18 92;48.840267;2.302164
550;75PAS;;36 RUE SCHEFFER;75016;PARIS;07 61 29 83 04;48.8620301;2.2821777
551;75TER;;37 39 RUE BAYEN;75017;PARIS;01 45 74 45 95;48.8812005;2.2928527
552;75TRO;;37 AVENUE VICTOR HUGO;75016;PARIS;01 45 00 56 66;48.8715658;2.2901077
553;75PAS;;37 BOULEVARD LANNES;75016;PARIS;01 40 72 74 74;48.8667647;2.2720393
554;75PER;;37 RUE AMPERE;75017;PARIS;01 42 67 16 58;48.8851441;2.3041761
555;75ELY;;37 RUE DE MIROMESNIL;75008;PARIS;01 42 65 06 74;48.8736007;2.3158535
556;75MNP;CDS ST-JACQUES;37 RUE DES VOLONTAIRES;75015;PARIS;01 53 58 40 80;48.8405815;2.3086819
557;75INV;;37 RUE DU CHAMP DE MARS;75007;PARIS;01 45 51 90 80;48.8558512;2.303464
558;75ELY;;37 RUE GODOT DE MAUROY;75008;PARIS;;48.8723794;2.3273861
559;75MNP;;37 RUE LECOURBE;75015;PARIS;01 43 06 93 58;48.8440281;2.3078086
560;75TRO;;37 RUE PERGOLESE;75016;PARIS;01 45 01 21 71;48.874482;2.2830699
561;75INV;;38 AVENUE DE LA MOTTE PICQUET;75007;PARIS;01 47 05 68 57;48.8550803;2.3063792
562;75GRE;;38 BIS RUE DES ENTREPRENEURS;75015;PARIS;01 80 06 07 95;48.8463391;2.2860604
563;75PER;;38 RUE DE LEVIS;75017;PARIS;01 42 27 69 33;48.8831392;2.3145442
564;75VAU;;39 47 RUE ST LAMBERT;75015;PARIS;;48.8379186;2.2912823
565;75INV;;39 AVENUE DUQUESNE;75007;PARIS;01 47 83 56 57;48.85139;2.3109552
566;92LEV;;39 AVENUE GEORGES POMPIDOU;92300;LEVALLOIS PERRET;01 47 57 54 55;48.8984042;2.2804887
567;75INV;;39 BOULEVARD GARIBALDI;75007;PARIS;01 47 83 91 57;48.8466138;2.3067306
568;75GRE;;39 RUE BALARD;75015;PARIS;01 53 98 74 74;48.8428561;2.2776801
569;75TER;;39 RUE DE BERRI;75017;PARIS;01 43 59 19 07;48.8738947;2.3067368
570;75INV;CMP VARENNE;39 RUE DE VARENNE;75007;PARIS;01 45 65 64 00;48.8541292;2.323113
571;75TER;;39 RUE PIERRE DEMOURS;75017;PARIS;01 47 64 00 89;48.8823698;2.2967841
572;75MNP;;4 A RUE MARMONTEL;75015;PARIS;01 45 33 55 33;48.8373791;2.3010786
573;75TRO;;4 AVENUE D EYLAU;75016;PARIS;;48.8637364;2.2863289
574;75PAS;;4 AVENUE DE CAMOENS;75016;PARIS;01 53 92 25 69;48.8595888;2.2867461
575;75PER;;4 AVENUE GOURGAUD;75017;PARIS;;48.8856848;2.2974499
576;75TRO;;4 AVENUE MARCEAU;75016;PARIS;01 45 05 45 04;48.8653854;2.3002075
577;75TRO;;4 AVENUE ST HONORE D EYLAU;75016;PARIS;01 56 88 17 11;48.867427;2.2866019
578;75PAS;;4 BOULEVARD FLANDRIN;75016;PARIS;01 45 04 53 58;48.8647737;2.2725075
579;75PER;;4 BOULEVARD PEREIRE;75017;PARIS;01 45 53 27 81;48.8882144;2.3098291
580;75MNP;;4 IMPASSE MATHIEU;75015;PARIS;01 43 21 68 85;48.8412353;2.313152
581;75PER;;4 PLACE DU GENERAL CATROUX;75017;PARIS;01 45 48 57 38;48.8820388;2.3116842
582;75TER;;4 RUE BRUNEL;75017;PARIS;;48.8765132;2.288928
583;75INV;;4 RUE CHEVERT;75007;PARIS;01 81 22 42 04;48.8562459;2.309427
584;75INV;;4 RUE CHOMEL;75007;PARIS;09 87 74 52 84;48.8523502;2.3261035
585;75INV;;4 RUE DE LUYNES;75007;PARIS;;48.8552879;2.3264674
586;75TRO;;4 RUE DE SONTAY;75016;PARIS;;48.8703697;2.2845643
587;92NEU;;4 RUE DEVES;92200;NEUILLY-SUR-SEINE;01 47 45 50 35;48.8832029;2.2707783
588;75MNP;;4 RUE DU DOCTEUR ROUX;75015;PARIS;01 86 47 84 90;48.8418872;2.3126273
589;75GRE;;4 RUE DU GENERAL DE LARMINAT;75015;PARIS;01 44 61 17 86;48.8503775;2.2986874
590;75GRE;;4 RUE DU PIC DE BARRETTE;75015;PARIS;09 81 99 57 64;48.8422328;2.2773246
591;75PER;;4 RUE DULONG;75017;PARIS;01 42 27 72 40;48.8834375;2.3182501
592;92LEV;HÔP FRANCO-BRITANNIQUE;4 RUE KLEBER;92300;LEVALLOIS PERRET;01 47 59 55 12;48.8921572;2.2787553
593;75PAS;;4 RUE LARGILLIERE;75016;PARIS;01 42 24 03 03;48.8576844;2.2728403
594;75VAU;;4 RUE LEON DELAGRANGE;75015;PARIS;01 45 31 89 26;48.8342042;2.285675
595;75MNP;;4 RUE LEON DELHOMME;75015;PARIS;01 56 08 21 23;48.8383048;2.3001462
596;75INV;;4 RUE LEON VAUDOYER;75007;PARIS;01 44 49 99 19;48.8482075;2.3087142
597;75ELY;;4 RUE LINCOLN;75008;PARIS;01 40 74 05 88;48.8698333;2.302544
598;75INV;;4 RUE MARIO NIKIS;75007;PARIS;01 43 06 00 57;48.848714;2.304037
599;75PER;;4 RUE MILNE EDWARDS;75017;PARIS;01 45 74 50 10;48.882876;2.2924088
600;75INV;;4 RUE OUDINOT;75007;PARIS;;48.8504997;2.3190503
601;92LEV;;4 RUE PARFAIT JANS;92300;LEVALLOIS PERRET;01 47 39 81 81;48.8915868;2.2968357
602;75VAU;;4 RUE THUREAU DANGIN;75015;PARIS;;48.8302108;2.2931615
603;75AUT;PMI;4 RUE VIGEE LEBRUN;75016;PARIS;01 44 49 67 85;48.839056;2.3102357
604;75MNP;;4 RUE VIGEE LEBRUN;75015;PARIS;;48.839056;2.3102357
605;75PAS;INS MÉD DE FERTILITÉ;4 SQUARE THIERS;75016;PARIS;01 87 44 67 77;48.866402;2.2786118
606;92LEV;;40 42 RUE DU PRESIDENT WILSON;92300;LEVALLOIS PERRET;01 53 66 64 02;48.9003155;2.283344
607;75TRO;;40 AVENUE DU PRESIDENT WILSON;75016;PARIS;01 56 26 60 16;48.8637682;2.2895305
608;92NEU;CMP DE NEUILLY;40 RUE DU PONT;92200;NEUILLY-SUR-SEINE;01 83 75 75 50;48.8879386;2.2581836
609;75GRE;;40 RUE SEBASTIEN MERCIER;75015;PARIS;01 40 71 08 68;48.8441769;2.279336
610;75PAS;;41 49 RUE DE PASSY;75016;PARIS;01 42 24 16 50;48.8579131;2.2779615
611;92LEV;;41 AVENUE GEORGES POMPIDOU;92300;LEVALLOIS PERRET;01 47 48 13 13;48.8991693;2.2822029
612;75INV;;41 AVENUE RAPP;75007;PARIS;;48.8582787;2.300613
613;75INV;CAB MÉD TOUR-MAUBOURG;41 BOULEVARD DE LA TOUR MAUBOURG;75007;PARIS;01 45 67 91 44;48.8588672;2.3102538
614;92NEU;;41 BOULEVARD PAUL EMILE VICTOR;92200;NEUILLY-SUR-SEINE;01 46 24 97 28;48.8933269;2.2629053
615;92LEV;;41 RUE ARISTIDE BRIAND;92300;LEVALLOIS PERRET;01 47 57 12 13;48.8909118;2.284697
616;92LEV;;41 RUE CLEMENT BAYARD;92300;LEVALLOIS PERRET;01 47 39 09 53;48.8992846;2.285343
617;92NEU;;41 RUE MADELEINE MICHELIS;92200;NEUILLY-SUR-SEINE;01 47 45 50 23;48.8835503;2.2777064
618;92LEV;;42 44 RUE TREBOIS;92300;LEVALLOIS PERRET;01 42 70 28 32;48.8909778;2.2900234
619;75INV;;42 BOULEVARD RASPAIL;75007;PARIS;01 45 35 39 13;48.8522162;2.3264244
620;75PAS;;42 RUE DE LA POMPE;75016;PARIS;01 45 03 01 21;48.8613739;2.2756107
621;75TER;;43 RUE GUERSANT;75017;PARIS;01 45 74 79 80;48.8821021;2.2884637
622;75AUT;;44 AVENUE DE VERSAILLES;75016;PARIS;01 45 20 69 70;48.848917;2.2749979
623;75TRO;;44 AVENUE KLEBER;75016;PARIS;01 45 62 44 05;48.8698341;2.2919051
624;75AUT;;44 AVENUE THEOPHILE GAUTIER;75016;PARIS;01 45 20 45 06;48.8493262;2.2709495
625;75AUT;;44 QUAI LOUIS BLERIOT;75016;PARIS;01 45 25 25 56;48.8483078;2.275473
626;75ELY;;44 RUE DE LABORDE;75008;PARIS;01 45 22 10 43;48.875481;2.3167352
627;75PER;;44 RUE DE TOCQUEVILLE;75017;PARIS;01 43 80 72 01;48.8840813;2.3121451
628;75GRE;;44 RUE GUTENBERG;75015;PARIS;01 40 60 96 89;48.8430914;2.280107
629;75TER;;44 RUE ST FERDINAND;75017;PARIS;01 40 68 02 09;48.8775246;2.2867532
630;75INV;;45 47 AVENUE DE SEGUR;75007;PARIS;01 47 34 42 98;48.8533639;2.3116809
631;75INV;;45 AVENUE BOSQUET;75007;PARIS;01 45 50 36 64;48.8577325;2.3042701
632;75TER;;45 AVENUE DE WAGRAM;75017;PARIS;01 45 72 18 88;48.8773718;2.2973769
633;75TRO;;45 AVENUE VICTOR HUGO;75016;PARIS;01 48 88 26 60;48.8713716;2.2896488
634;75AUT;;45 RUE BOILEAU;75016;PARIS;01 47 43 06 07;48.8440808;2.2635636
635;75INV;;45 RUE DE BOURGOGNE;75007;PARIS;01 42 96 51 37;48.8567658;2.3173129
636;75GRE;;45 RUE DES BERGERS;75015;PARIS;01 40 60 49 00;48.8423042;2.2807083
637;75GRE;;45 RUE DES ENTREPRENEURS;75015;PARIS;01 45 77 87 20;48.8459236;2.2874406
638;92LEV;;45 RUE KLEBER;92300;LEVALLOIS PERRET;01 82 24 84 19;48.8927232;2.280103
639;75TER;;45 RUE ST FERDINAND;75017;PARIS;01 45 72 55 15;48.8773894;2.2867363
640;75VAU;;45 RUE ST LAMBERT;75015;PARIS;;48.8379186;2.2912823
641;75TRO;;46 48 RUE LAURISTON;75016;PARIS;01 53 65 87 70;48.8655894;2.2855022
642;75PAS;CLI DE LA MUETTE;46 48 RUE NICOLO;75016;PARIS;01 40 72 33 57;48.8605499;2.2771133
643;75PAS;;46 AVENUE MOZART;75016;PARIS;01 42 88 06 26;48.8556924;2.2702449
644;92LEV;;46 RUE DE VILLIERS;92300;LEVALLOIS PERRET;01 47 57 41 88;48.8895907;2.2803894
645;75PAS;;46 RUE NICOLO;75016;PARIS;01 40 72 33 92;48.8603713;2.2777641
646;75PAS;;46 RUE VITAL;75016;PARIS;01 42 24 36 88;48.858537;2.2777291
647;75PAS;;47 AVENUE PAUL DOUMER;75016;PARIS;01 42 73 09 40;48.8601953;2.2814952
648;75ELY;;47 RUE DE COURCELLES;75008;PARIS;01 42 89 34 10;48.8764495;2.3076303
649;75GRE;;47 RUE FREMICOURT;75015;PARIS;01 42 50 20 87;48.8478454;2.3005711
650;75TRO;;48 AVENUE KLEBER;75016;PARIS;01 42 93 00 99;48.8695361;2.2916891
651;75MNP;;48 BOULEVARD DU MONTPARNASSE;75015;PARIS;01 45 49 05 34;48.8445366;2.3213218
652;75TER;;48 RUE LAUGIER;75017;PARIS;01 42 67 24 93;48.8827139;2.294019
653;75MNP;;48 RUE PAUL BARRUEL;75015;PARIS;01 45 31 64 02;48.8370128;2.3060462
654;75AUT;;48 RUE RAFFET;75016;PARIS;01 47 43 07 08;48.8525494;2.2634938
655;92NEU;;48 T BOULEVARD VICTOR HUGO;92200;NEUILLY-SUR-SEINE;;48.8929509;2.2738142
656;75AUT;;49 51 RUE JEAN DE LA FONTAINE;75016;PARIS;01 45 25 16 63;48.852297;2.2748008
657;75INV;;49 AVENUE DE SEGUR;75007;PARIS;01 42 19 97 98;48.8502349;2.3088657
658;75TER;;49 AVENUE DE WAGRAM;75017;PARIS;01 43 80 69 40;48.8776499;2.2975791
659;75PER;;49 RUE AMPERE;75017;PARIS;01 42 27 20 00;48.885183;2.3020874
660;75PAS;;49 RUE DE BOULAINVILLIERS;75016;PARIS;01 42 24 52 54;48.8561893;2.2747443
661;75PAS;;49 RUE DU RANELAGH;75016;PARIS;01 42 24 58 88;48.8543148;2.2748767
662;75INV;;5 AVENUE EMILE DESCHANEL;75007;PARIS;01 42 63 72 46;48.8565778;2.3007835
663;92NEU;;5 AVENUE STE FOY;92200;NEUILLY-SUR-SEINE;01 41 92 08 44;48.8853707;2.2671305
664;75TRO;;5 BIS RUE DU DOME;75016;PARIS;;48.8718955;2.2908453
665;75PAS;;5 BIS RUE LE TASSE;75016;PARIS;01 42 30 96 00;48.8603887;2.2860089
666;92NEU;;5 BIS RUE SOYER;92200;NEUILLY-SUR-SEINE;01 34 90 20 23;48.8875586;2.2617204
667;92LEV;;5 BOULEVARD BINEAU;92300;LEVALLOIS PERRET;02 76 55 90 14;48.8863797;2.2847486
668;75INV;;5 BOULEVARD RASPAIL;75007;PARIS;01 45 49 01 23;48.8553921;2.3259229
669;92LEV;;5 PLACE DU MARECHAL DE LATTRE DE TASSIGNY;92300;LEVALLOIS PERRET;01 47 58 67 99;48.8874568;2.2851971
670;75TRO;;5 PLACE VICTOR HUGO;75016;PARIS;06 01 85 86 24;48.8692799;2.2856793
671;75GRE;;5 PLACE VIOLET;75015;PARIS;01 40 54 24 93;48.8449727;2.2905057
672;75AUT;;5 RUE ANDRE COLLEDEBOEUF;75016;PARIS;01 42 24 00 68;48.851939;2.2698386
673;75ELY;;5 RUE ANDRIEUX;75008;PARIS;01 43 80 24 90;48.880978;2.3190408
674;75ELY;;5 RUE BERNOULLI;75008;PARIS;01 42 93 12 55;48.8807115;2.3204509
675;75INV;;5 RUE COGNACQ JAY;75007;PARIS;01 42 22 55 22;48.8616621;2.3046632
676;75PAS;;5 RUE DAVIOUD;75016;PARIS;01 41 92 92 42;48.856124;2.2716921
677;75ELY;;5 RUE DE CONSTANTINOPLE;75008;PARIS;01 45 22 05 20;48.879641;2.3212145
678;75MNP;;5 RUE DE LA PROCESSION;75015;PARIS;01 53 58 91 50;48.8402888;2.3054028
679;75TRO;;5 RUE DE SFAX;75016;PARIS;01 47 27 24 68;48.8708862;2.2842952
680;75GRE;;5 RUE DU GENERAL DE CASTELNAU;75015;PARIS;01 47 83 36 71;48.8502317;2.3005546
681;75PAS;;5 RUE FAUSTIN HELIE;75016;PARIS;01 45 03 53 63;48.8593492;2.2763997
682;75MNP;;5 RUE FRANCOIS BONVIN;75015;PARIS;01 49 11 46 58;48.8457857;2.3052457
683;75TER;;5 RUE FREDERIC BASTIAT;75017;PARIS;01 42 25 76 28;48.8726065;2.3070401
684;75VAU;;5 RUE JACQUES MAWAS;75015;PARIS;01 56 36 14 98;48.8381839;2.2925633
685;75TRO;;5 RUE KEPLER;75016;PARIS;01 53 23 05 25;48.8696912;2.2973049
686;75PER;;5 RUE LEON COGNIET;75017;PARIS;01 47 63 42 07;48.8809974;2.3031578
687;75TRO;;5 RUE PAUL VALERY;75016;PARIS;01 47 27 04 13;48.869349;2.2910526
688;92NEU;CLI PIERRE CHEREST;5 RUE PIERRE CHEREST;92200;NEUILLY-SUR-SEINE;01 73 06 02 00;48.8832562;2.2799062
689;75INV;;5 RUE RECAMIER;75007;PARIS;01 42 22 05 87;48.8523851;2.3278989
690;75INV;;5 RUE SURCOUF;75007;PARIS;01 71 50 55 44;48.8618994;2.3093962
691;75TER;;5 RUE THEODORE DE BANVILLE;75017;PARIS;01 47 22 74 26;48.8813999;2.2997024
692;75PER;;5 RUE THEODULE RIBOT;75017;PARIS;01 42 27 79 74;48.879303;2.3010631
693;92LEV;;5 RUE VOLTAIRE;92300;LEVALLOIS PERRET;01 47 59 09 31;48.8921019;2.2846059
694;75TER;;5 SQUARE DU ROULE;75017;PARIS;;48.8766105;2.2994728
695;75VAU;;5 SQUARE FREDERIC VALLOIS;75015;PARIS;01 48 28 66 76;48.8356665;2.3032707
696;75TRO;;5 VILLA BOISSIERE;75016;PARIS;;48.8659444;2.2904376
697;75GRE;;50 AVENUE DE LA MOTTE PICQUET;75015;PARIS;01 47 34 93 96;48.8508653;2.3001967
698;75INV;;50 AVENUE DE SAXE;75007;PARIS;01 44 49 71 01;48.8478186;2.310399
699;92NEU;;50 AVENUE DU ROULE;92200;NEUILLY-SUR-SEINE;;48.8825674;2.2779023
700;75TRO;;50 AVENUE VICTOR HUGO;75016;PARIS;01 43 59 10 10;48.8709845;2.2881469
701;75TRO;CAB MÉD;50 AVENUE VICTOR HUGO;75016;PARIS;01 34 28 33 33;48.8709845;2.2881469
702;75INV;;50 BOULEVARD DE LA TOUR MAUBOURG;75007;PARIS;01 47 05 18 22;48.8589428;2.3099063
703;75INV;;50 RUE DE L UNIVERSITE;75007;PARIS;01 45 44 25 04;48.8580095;2.3273281
704;75INV;;50 RUE DE VERNEUIL;75007;PARIS;01 42 96 96 00;48.8584959;2.3275566
705;75AUT;;50 RUE POUSSIN;75016;PARIS;01 40 71 81 79;48.8485673;2.2613772
706;75GRE;;51 53 RUE FONDARY;75015;PARIS;01 45 79 94 82;48.8480403;2.2933309
707;75GRE;;51 AVENUE DE LA MOTTE PICQUET;75015;PARIS;01 45 67 21 00;48.8502887;2.2999942
708;75TRO;;51 AVENUE RAYMOND POINCARE;75016;PARIS;01 45 53 95 93;48.866922;2.285878
709;75TRO;;51 RUE DES BELLES FEUILLES;75016;PARIS;01 45 53 67 47;48.8682879;2.2804878
710;75TER;;51 RUE PIERRE DEMOURS;75017;PARIS;01 40 53 05 71;48.8825923;2.2972529
711;75GRE;;52 AVENUE DE LA MOTTE PICQUET;75015;PARIS;01 47 83 31 37;48.8507123;2.2999707
712;75TER;;52 AVENUE DE WAGRAM;75017;PARIS;01 46 22 78 89;48.8788279;2.2989356
713;75MNP;;52 RUE MADEMOISELLE;75015;PARIS;01 48 28 58 97;48.843339;2.299814
714;75INV;;53 AVENUE DE SEGUR;75007;PARIS;01 47 34 01 43;48.849804;2.3084169
715;75TER;;53 BOULEVARD DE COURCELLES;75017;PARIS;01 47 42 36 42;48.879117;2.3037732
716;75INV;;53 RUE DE VARENNE;75007;PARIS;01 42 22 22 00;48.8545052;2.3215913
717;75PAS;;53 RUE DECAMPS;75016;PARIS;01 47 64 49 42;48.8629543;2.2769082
718;75AUT;;53 RUE DU GENERAL DELESTRAINT;75016;PARIS;01 46 51 05 64;48.8402047;2.256812
719;75INV;;54 AVENUE DE LA BOURDONNAIS;75007;PARIS;01 47 05 30 26;48.8563439;2.301931
720;75TRO;;54 AVENUE KLEBER;75016;PARIS;01 45 20 20 28;48.8687989;2.2911534
721;75PAS;;54 AVENUE MOZART;75016;PARIS;01 42 24 46 04;48.855017;2.2695361
722;75PER;;54 RUE CARDINET;75017;PARIS;01 42 27 45 99;48.8828583;2.3065399
723;92LEV;;54 RUE CARNOT;92300;LEVALLOIS PERRET;;48.8921136;2.2864816
724;75INV;;54 RUE DE BOURGOGNE;75007;PARIS;01 47 53 80 03;48.8562753;2.3170116
725;75PER;;54 RUE DE PRONY;75017;PARIS;;48.8825885;2.3038149
726;75PAS;;55 AVENUE BUGEAUD;75016;PARIS;01 42 73 52 53;48.8711815;2.2781368
727;75INV;;55 AVENUE DE BRETEUIL;75007;PARIS;01 45 67 80 38;48.8485075;2.3122527
728;75PER;;55 RUE LAUGIER;75017;PARIS;01 42 66 24 94;48.8833385;2.293172
729;92LEV;;55 RUE LOUISE MICHEL;92300;LEVALLOIS PERRET;01 47 57 80 38;48.8895618;2.2891323
730;75TRO;;56 AVENUE KLEBER;75016;PARIS;;48.8686638;2.2910556
731;75TRO;;56 AVENUE VICTOR HUGO;75016;PARIS;;48.8706311;2.287313
732;75MNP;;56 BOULEVARD DU MONTPARNASSE;75015;PARIS;01 45 44 02 61;48.8443334;2.3219391
733;75VAU;;56 RUE DE VOUILLE;75015;PARIS;01 30 15 89 22;48.8337464;2.3081886
734;75AUT;;56 RUE DU DOCTEUR BLANCHE;75016;PARIS;01 45 27 06 66;48.8524183;2.2642914
735;92LEV;;57 61 RUE DU PRESIDENT WILSON;92300;LEVALLOIS PERRET;01 47 37 42 30;48.9003155;2.283344
736;75PAS;;57 AVENUE GEORGES MANDEL;75016;PARIS;01 45 05 18 04;48.8636346;2.2793536
737;75TRO;;57 AVENUE MARCEAU;75016;PARIS;01 44 31 66 66;48.8698146;2.2978806
738;75TRO;;57 RUE BOISSIERE;75016;PARIS;01 47 04 63 49;48.8679394;2.2879603
739;75GRE;;57 RUE DE LA CONVENTION;75015;PARIS;01 40 59 01 90;48.8434159;2.2830545
740;75ELY;;57 RUE DES MATHURINS;75008;PARIS;01 40 06 09 62;48.873408;2.3217448
741;75AUT;;57 RUE JEAN DE LA FONTAINE;75016;PARIS;01 45 45 66 01;48.8497308;2.2689767
742;75GRE;;57 RUE VIOLET;75015;PARIS;01 44 37 34 04;48.8463483;2.292054
743;92NEU;HÔP DE NEUILLY;58 BOULEVARD D ARGENSON;92200;NEUILLY-SUR-SEINE;01 40 88 62 23;48.8900524;2.2615912
744;92LEV;;58 RUE CARNOT;92300;LEVALLOIS PERRET;;48.8924637;2.2861641
745;92LEV;;58 RUE DU PRESIDENT WILSON;92300;LEVALLOIS PERRET;01 75 84 30 23;48.892509;2.2900615
746;75ELY;;58 RUE PIERRE CHARRON;75008;PARIS;01 45 08 15 55;48.8693763;2.3032601
747;75GRE;;58 RUE ROUELLE;75015;PARIS;01 45 79 38 23;48.8494327;2.2898205
748;75AUT;;59 RUE CHARDON LAGACHE;75016;PARIS;01 46 47 63 96;48.8424724;2.2645977
749;75MNP;;59 RUE DE L ABBE GROULT;75015;PARIS;01 45 31 03 06;48.8398814;2.2963702
750;75TER;;59 RUE DE PONTHIEU;75017;PARIS;01 43 59 02 23;48.8721195;2.3049193
751;75TRO;;6 14 RUE LA PEROUSE;75016;PARIS;01 53 67 35 35;48.8708991;2.2941373
752;92LEV;;6 ALLEE AUGUSTE RENOIR;92300;LEVALLOIS PERRET;01 48 88 26 60;48.8984042;2.2804887
753;75ELY;COSEM;6 AVENUE CESAR CAIRE;75008;PARIS;01 55 56 62 50;48.87638905;2.3197816668508446
754;75INV;;6 AVENUE DE TOURVILLE;75007;PARIS;;48.8541423;2.3090442
755;75GRE;;6 AVENUE DU GENERAL DETRIE;75015;PARIS;01 47 34 32 47;48.8533767;2.2979965
756;75TER;;6 AVENUE MAC MAHON;75017;PARIS;01 56 68 89 00;48.8755381;2.2949843
757;75INV;INS NAT DES INVALIDES;6 BOULEVARD DES INVALIDES;75007;PARIS;01 40 63 23 77;48.8546824;2.314553
758;75ELY;;6 PLACE DE LA MADELEINE;75008;PARIS;01 42 60 72 59;48.8689525;2.3245398
759;75PER;;6 RUE AMPERE;75017;PARIS;01 56 90 08 25;48.8852866;2.3061667
760;92LEV;;6 RUE ARISTIDE BRIAND;92300;LEVALLOIS PERRET;;48.889295;2.2812578
761;92NEU;;6 RUE BOUTARD;92200;NEUILLY-SUR-SEINE;01 47 22 38 04;48.8842753;2.259461
762;75TER;;6 RUE BREY;75017;PARIS;01 47 63 52 74;48.8762355;2.2961759
763;92LEV;;6 RUE CARNOT;92300;LEVALLOIS PERRET;01 47 48 00 08;48.8888016;2.2894869
764;75PAS;;6 RUE CLAUDE CHAHU;75016;PARIS;;48.8585976;2.2823748
765;75ELY;;6 RUE DE CONSTANTINOPLE;75008;PARIS;01 53 04 98 44;48.8798136;2.3211417
766;75PER;;6 RUE DE LOGELBACH;75017;PARIS;01 46 22 67 60;48.8814731;2.308391
767;75TRO;;6 RUE DE SONTAY;75016;PARIS;01 40 67 93 93;48.8704958;2.2844005
768;75INV;;6 RUE DE VILLERSEXEL;75007;PARIS;01 45 48 16 44;48.858533;2.3241725
769;92NEU;;6 RUE DELABORDERE;92200;NEUILLY-SUR-SEINE;;48.8807903;2.2555238
770;75MNP;;6 RUE EMILE DUCLAUX;75015;PARIS;01 43 36 97 69;48.843094;2.3082141
771;75PAS;;6 RUE EUGENE DELACROIX;75016;PARIS;01 40 72 83 81;48.863031;2.2779901
772;75TER;;6 RUE FOURCROY;75017;PARIS;01 84 80 80 37;48.8800256;2.2955221
773;75GRE;;6 RUE GEORGES CITERNE;75015;PARIS;01 40 59 86 01;48.8488188;2.2894547
774;75AUT;;6 RUE GIRODET;75016;PARIS;01 42 24 50 30;48.8485953;2.2640409
775;75PER;;6 RUE GOUNOD;75017;PARIS;01 48 78 15 15;48.8833347;2.3006325
776;75ELY;;6 RUE GREFFULHE;75008;PARIS;01 42 68 11 75;48.8727591;2.3252263
777;75MNP;;6 RUE MIZON;75015;PARIS;01 43 22 65 34;48.841239;2.3147737
778;75TRO;;6 RUE PICOT;75016;PARIS;01 45 65 61 05;48.8709521;2.2821126
779;75ELY;;6 RUE ROBERT ESTIENNE;75008;PARIS;;48.8686746;2.3050081
780;75ELY;;6 RUE ST FLORENTIN;75008;PARIS;01 40 06 02 02;48.8673502;2.324246
781;75TER;;6 SQUARE DU ROULE;75017;PARIS;01 46 22 07 17;48.8766278;2.2990858
782;75AUT;;6 SQUARE JOUVENET;75016;PARIS;01 42 15 42 45;48.8423019;2.2661613
783;92NEU;;60 62 RUE DE CHEZY;92200;NEUILLY-SUR-SEINE;01 47 47 40 47;48.8870491;2.2701288
784;75TRO;;60 AVENUE D IENA;75016;PARIS;01 47 23 33 34;48.8684643;2.2959557
785;75PAS;;60 AVENUE DE NEW YORK;75016;PARIS;;48.8585685;2.2885027
786;75GRE;;60 AVENUE FELIX FAURE;75015;PARIS;01 45 27 99 72;48.8405914;2.2863745
787;75PAS;;60 AVENUE PAUL DOUMER;75016;PARIS;;48.8600494;2.2799399
788;75PAS;;60 BOULEVARD EMILE AUGIER;75016;PARIS;01 45 04 53 13;48.8635182;2.272534
789;75ELY;;60 RUE DES MATHURINS;75008;PARIS;01 40 17 09 11;48.8735067;2.321919
790;75PAS;;60 RUE DU RANELAGH;75016;PARIS;01 45 25 36 96;48.8548457;2.2732371
791;75INV;;61 AVENUE DE SAXE;75007;PARIS;01 47 34 20 38;48.8461971;2.313698
792;75TER;;61 AVENUE FRANKLIN DELANO ROOSEVELT;75017;PARIS;01 53 77 25 88;48.871645;2.3098868
793;75TRO;;61 AVENUE VICTOR HUGO;75016;PARIS;01 53 72 93 12;48.8707842;2.2882617
794;75INV;;61 BOULEVARD DES INVALIDES;75007;PARIS;09 53 38 17 56;48.8478397;2.3163044
795;75TER;;62 AVENUE DE LA GRANDE ARMEE;75017;PARIS;01 45 74 07 08;48.8769054;2.2863034
796;75TRO;;62 AVENUE RAYMOND POINCARE;75016;PARIS;01 47 47 45 41;48.8677805;2.2859798
797;75TER;;62 BIS RUE PIERRE DEMOURS;75017;PARIS;09 81 36 98 36;48.8821891;2.2966827
798;75MNP;;62 BOULEVARD DU MONTPARNASSE;75015;PARIS;01 45 48 56 76;48.8441787;2.3223183
799;75PAS;;62 RUE DE LA TOUR;75016;PARIS;01 40 72 40 00;48.8603619;2.2809337
800;75ELY;;62 RUE DU ROCHER;75008;PARIS;01 42 67 02 22;48.8787152;2.3193283
801;75PER;;62 RUE LEGENDRE;75017;PARIS;01 42 67 49 57;48.8854211;2.3165195
802;75AUT;;62 RUE MICHEL ANGE;75016;PARIS;;48.8434294;2.2602591
803;75VAU;;63 65 RUE OLIVIER DE SERRES;75015;PARIS;01 53 68 16 90;48.8310585;2.2923781
804;75TRO;;63 AVENUE MARCEAU;75016;PARIS;01 40 70 00 02;48.8701678;2.2976736
805;92NEU;HÔP AMÉRICAIN;63 BOULEVARD VICTOR HUGO;92200;NEUILLY-SUR-SEINE;01 46 41 25 15;48.8930857;2.272941
806;75TER;;63 RUE DE PONTHIEU;75017;PARIS;01 44 07 48 15;48.8722649;2.304458
807;75INV;;64 AVENUE BOSQUET;75007;PARIS;01 47 05 57 58;48.8550147;2.3050328
808;75GRE;;64 AVENUE DE LA MOTTE PICQUET;75015;PARIS;01 45 67 39 05;48.8497299;2.2985231
809;75GRE;;64 AVENUE FELIX FAURE;75015;PARIS;01 40 60 91 91;48.8404231;2.2859563
810;75VAU;;64 RUE LABROUSTE;75015;PARIS;;48.8323932;2.3065797
811;75TRO;;65 AVENUE FOCH;75016;PARIS;01 47 55 14 69;48.8715984;2.2804921
812;75INV;;65 BOULEVARD DES INVALIDES;75007;PARIS;;48.8473812;2.3165576
813;75GRE;;65 RUE DU THEATRE;75015;PARIS;;48.8480463;2.2904784
814;75VAU;;65 RUE LABROUSTE;75015;PARIS;01 44 19 52 00;48.8321265;2.3065682
815;75PAS;;65 RUE NICOLO;75016;PARIS;01 45 25 60 02;48.8608446;2.276303
816;75ELY;;66 RUE DE LISBONNE;75008;PARIS;01 45 74 07 42;48.8774433;2.3070518
817;75ELY;;66 RUE DE MIROMESNIL;75008;PARIS;01 45 62 07 30;48.8762165;2.3158059
818;75GRE;CTR MÉD DES CÉVENNES;66 RUE DES CEVENNES;75015;PARIS;09 87 36 77 75;48.8417337;2.2821122
819;92LEV;;66 RUE DU PRESIDENT WILSON;92300;LEVALLOIS PERRET;01 47 37 02 59;48.893253;2.289397
820;75PER;;66 RUE JOUFFROY D ABBANS;75017;PARIS;;48.884558;2.3058823
821;75TRO;;67 69 AVENUE VICTOR HUGO;75016;PARIS;01 45 00 64 88;48.8652952;2.2750333
822;75TER;;67 BOULEVARD DE COURCELLES;75017;PARIS;01 47 66 89 99;48.8787147;2.3018987
823;75PER;;68 BOULEVARD DE COURCELLES;75017;PARIS;01 47 03 30 90;48.8801617;2.3070492
824;75ELY;;68 BOULEVARD MALESHERBES;75008;PARIS;01 45 56 10 00;48.8783819;2.315864
825;75MNP;;68 BOULEVARD PASTEUR;75015;PARIS;01 43 22 30 09;48.8402607;2.3146443
826;75INV;;68 RUE DU BAC;75007;PARIS;01 43 20 00 79;48.8556187;2.3251342
827;75MNP;;68 RUE DUTOT;75015;PARIS;01 45 66 69 80;48.8380338;2.3080675
828;92LEV;;68 T RUE MARJOLIN;92300;LEVALLOIS PERRET;01 47 31 44 78;48.8979701;2.2901971
829;75TRO;;69 AVENUE RAYMOND POINCARE;75016;PARIS;01 45 53 95 87;48.8679673;2.285611
830;75PAS;;69 RUE DE LA TOUR;75016;PARIS;;48.861366;2.2788711
831;75GRE;;69 RUE FONDARY;75015;PARIS;01 45 75 20 21;48.8467749;2.2967528
832;75AUT;;7 9 BIS RUE DU BOUQUET DE LONGCHAMP;75016;PARIS;01 40 60 38 30;48.8388657;2.2749032
833;75PER;;7 AVENUE DE VILLIERS;75017;PARIS;01 40 53 93 88;48.8816405;2.3143526
834;75TRO;;7 AVENUE DU PRESIDENT WILSON;75016;PARIS;01 40 55 00 26;48.8647579;2.2989195
835;75INV;;7 AVENUE DUQUESNE;75007;PARIS;01 42 74 32 01;48.8535623;2.3075736
836;75PER;;7 AVENUE GOURGAUD;75017;PARIS;01 47 64 53 21;48.885978;2.297045
837;75PER;;7 AVENUE PAUL ADAM;75017;PARIS;;48.8872805;2.2967911
838;75INV;;7 PLACE DE FONTENOY;75007;PARIS;;48.85121965;2.306670824655578
839;75PER;;7 PLACE DU GENERAL CATROUX;75017;PARIS;01 45 78 64 71;48.8824691;2.3095838
840;75INV;;7 RUE ALEXANDRE CABANEL;75007;PARIS;01 43 06 99 61;48.8481315;2.3031117
841;75TER;;7 RUE ALFRED DE VIGNY;75017;PARIS;01 42 67 11 11;48.8789551;2.305022
842;75PAS;;7 RUE CHERNOVIZ;75016;PARIS;01 45 27 97 83;48.8572498;2.2817956
843;75GRE;;7 RUE DE CASABLANCA;75015;PARIS;;48.8388844;2.288821
844;75PAS;;7 RUE DE LA POMPE;75016;PARIS;01 45 24 69 50;48.8590775;2.2749981
845;75PER;;7 RUE DESCOMBES;75017;PARIS;01 42 27 06 38;48.8844196;2.2930421
846;75GRE;;7 RUE DU LAOS;75015;PARIS;01 44 49 03 53;48.8503041;2.3011511
847;75ELY;;7 RUE MARBEUF;75008;PARIS;01 47 23 58 04;48.8676019;2.3022369
848;75TER;;7 RUE MARCEL RENAULT;75017;PARIS;01 42 58 97 74;48.8798443;2.292974
849;75PAS;;7 RUE MASSENET;75016;PARIS;01 45 25 16 14;48.8584017;2.2793792
850;75INV;;7 RUE VALENTIN HAUY;75007;PARIS;01 42 33 19 91;48.8467473;2.3097767
851;75TRO;;7 RUE YVON VILLARCEAU;75016;PARIS;01 40 08 55 55;48.8689299;2.2874828
852;75PER;;7 VILLA MONCEAU;75017;PARIS;01 45 72 10 55;48.8832998;2.3000222
853;75MNP;;70 72 RUE MADEMOISELLE;75015;PARIS;01 71 26 62 92;48.8435838;2.2950301
854;92LEV;;70 RUE BAUDIN;92300;LEVALLOIS PERRET;01 47 37 48 52;48.8982381;2.285688
855;75TRO;;70 RUE ST DIDIER;75016;PARIS;01 41 51 17 30;48.8676991;2.2819101
856;75GRE;;71 RUE DU COMMERCE;75015;PARIS;01 45 30 10 30;48.845251;2.2944549
857;75TRO;;72 AVENUE D IENA;75016;PARIS;;48.8702871;2.2958622
858;75PER;;72 BOULEVARD DE COURCELLES;75017;PARIS;01 47 66 42 51;48.8800048;2.3063139
859;92LEV;;72 RUE ANATOLE FRANCE;92300;LEVALLOIS PERRET;01 47 57 55 83;48.8919289;2.2853006
860;75AUT;;72 RUE D AUTEUIL;75016;PARIS;01 46 51 16 19;48.8479851;2.2610431
861;75GRE;;72 RUE DU COMMERCE;75015;PARIS;01 45 30 64 20;48.8454277;2.2943824
862;75AUT;;72 RUE MICHEL ANGE;75016;PARIS;01 42 50 02 61;48.8423308;2.259359
863;75GRE;;72 RUE SEBASTIEN MERCIER;75015;PARIS;01 40 58 16 02;48.8441769;2.279336
864;75PER;;73 RUE DE SAUSSURE;75017;PARIS;01 44 49 44 12;48.8861817;2.3136659
865;75GRE;;73 RUE FONDARY;75015;PARIS;01 45 75 08 16;48.8466301;2.2971292
866;92NEU;;74 76 BOULEVARD BOURDON;92200;NEUILLY-SUR-SEINE;01 41 92 20 20;48.8944258;2.2695334
867;75TRO;;74 AVENUE KLEBER;75016;PARIS;;48.867424;2.2901573
868;75PAS;;74 AVENUE PAUL DOUMER;75016;PARIS;01 45 03 48 38;48.8597007;2.2784929
869;75AUT;;74 BOULEVARD EXELMANS;75016;PARIS;01 46 51 95 37;48.8429297;2.2609148
870;75PAS;;74 RUE DE LA TOUR;75016;PARIS;01 40 72 70 32;48.8609872;2.279827
871;75ELY;;74 RUE DU ROCHER;75008;PARIS;01 45 22 01 10;48.8796641;2.3181684
872;75MNP;;74 RUE LECOURBE;75015;PARIS;;48.8439291;2.3055815
873;75AUT;;75 BOULEVARD EXELMANS;75016;PARIS;01 40 71 05 10;48.8431943;2.2595851
874;92LEV;;75 RUE CARNOT;92300;LEVALLOIS PERRET;01 84 88 75 53;48.8928674;2.2856034
875;75GRE;;75 RUE DE LOURMEL;75015;PARIS;01 40 29 90 41;48.8455323;2.2879748
876;75TER;;76 78 AVENUE DES CHAMPS ELYSEES;75017;PARIS;06 87 73 70 67;48.8703127;2.3059369
877;75TER;;76 AVENUE DES CHAMPS ELYSEES;75017;PARIS;01 71 19 59 51;48.87117;2.3043491
878;75TRO;CAB MÉD R POINCARÉ;76 AVENUE RAYMOND POINCARE;75016;PARIS;;48.8687967;2.2857195
879;75GRE;;76 BIS AVENUE DE SUFFREN;75015;PARIS;01 40 56 03 33;48.8518466;2.2995764
880;75PAS;;76 RUE DE LA TOUR;75016;PARIS;01 45 20 03 66;48.8611042;2.279618
881;75PAS;;76 RUE DU RANELAGH;75016;PARIS;01 42 25 48 09;48.8552497;2.2716505
882;75MNP;;76 RUE LECOURBE;75015;PARIS;01 45 67 61 00;48.8441051;2.305187
883;75TER;;77 AVENUE DE WAGRAM;75017;PARIS;01 43 80 42 10;48.8799397;2.2992901
884;75PAS;;77 AVENUE PAUL DOUMER;75016;PARIS;01 47 55 07 77;48.8593025;2.2778065
885;75INV;;77 BIS AVENUE DE BRETEUIL;75007;PARIS;;48.8460459;2.3119666
886;92LEV;;77 BIS RUE VOLTAIRE;92300;LEVALLOIS PERRET;01 47 31 00 29;48.8937852;2.2884159
887;75GRE;;77 BOULEVARD DE GRENELLE;75015;PARIS;01 47 34 32 30;48.8503399;2.2945661
888;75GRE;;78 AVENUE DE SUFFREN;75015;PARIS;01 40 56 00 26;48.8517143;2.2997814
889;75TER;;78 AVENUE DES TERNES;75017;PARIS;;48.8799369;2.2893467
890;75INV;;79 AVENUE DE SEGUR;75007;PARIS;;48.8473942;2.3059778
891;75GRE;;79 QUAI ANDRE CITROEN;75015;PARIS;01 45 78 10 00;48.8441391;2.2750605
892;75TRO;;79 RUE BOISSIERE;75016;PARIS;01 45 00 55 66;48.869035;2.2862198
893;75INV;;8 AVENUE CONSTANT COQUELIN;75007;PARIS;;48.8481651;2.3172141
894;75PAS;;8 AVENUE VION WHITCOMB;75016;PARIS;;48.8564144;2.269939
895;75PER;;8 BIS RUE MARGUERITTE;75017;PARIS;01 47 64 47 71;48.8798208;2.3016495
896;75ELY;;8 BOULEVARD DE LA MADELEINE;75008;PARIS;;48.8699519;2.3268245
897;75MNP;;8 PLACE FALGUIERE;75015;PARIS;01 47 34 64 94;48.8360828;2.3102989
898;75GRE;;8 RUE AUGUSTE BARTHOLDI;75015;PARIS;01 47 34 60 08;48.8507276;2.294363
899;75INV;;8 RUE CESAR FRANCK;75007;PARIS;01 47 34 36 16;48.8473369;2.3095038
900;75MNP;;8 RUE CORBON;75015;PARIS;01 45 33 64 45;48.836341;2.3029815
901;75MNP;;8 RUE D ARSONVAL;75015;PARIS;;48.8400083;2.3140334
902;75AUT;;8 RUE D AUTEUIL;75016;PARIS;01 45 24 55 73;48.8476014;2.26827
903;75ELY;;8 RUE DE DURAS;75008;PARIS;01 56 54 27 27;48.87091;2.3179861
904;75MNP;;8 RUE DE L ARMORIQUE;75015;PARIS;01 43 22 82 97;48.8398616;2.3146456
905;75AUT;;8 RUE DEGAS;75016;PARIS;01 42 88 72 14;48.8489269;2.2745942
906;75PER;;8 RUE GUSTAVE DORE;75017;PARIS;;48.8863963;2.3030042
907;75PAS;;8 RUE JEAN RICHEPIN;75016;PARIS;01 45 03 30 74;48.8616168;2.2744958
908;75PAS;;8 RUE LEKAIN;75016;PARIS;01 45 25 71 27;48.8565609;2.2783157
909;75PER;;8 RUE THEODULE RIBOT;75017;PARIS;;48.8794438;2.3011296
910;75PAS;;8 SQUARE THIERS;75016;PARIS;01 58 41 24 24;48.8662005;2.2788121
911;92NEU;;80 AVENUE CHARLES DE GAULLE;92200;NEUILLY-SUR-SEINE;01 46 37 04 04;48.8817617;2.271019
912;75TRO;;80 AVENUE KLEBER;75016;PARIS;01 45 05 94 14;48.8670324;2.2898725
913;75PAS;;80 AVENUE PAUL DOUMER;75016;PARIS;01 47 27 55 55;48.8594542;2.2776594
914;75TRO;;80 RUE BOISSIERE;75016;PARIS;;48.8692328;2.2861453
915;75ELY;;80 RUE DE MIROMESNIL;75008;PARIS;01 55 30 07 49;48.8774412;2.3157088
916;75ELY;;80 RUE DE MONCEAU;75008;PARIS;01 45 22 18 20;48.8801404;2.3159233
917;75PER;;81 RUE DE ROME;75017;PARIS;01 47 42 51 09;48.8826852;2.3197089
918;75INV;;81 RUE ST DOMINIQUE;75007;PARIS;01 45 50 30 26;48.8597445;2.3084566
919;75GRE;;82 AVENUE EMILE ZOLA;75015;PARIS;01 45 75 51 19;48.8465172;2.2871413
920;75PER;;82 BOULEVARD DE COURCELLES;75017;PARIS;01 42 68 83 30;48.8798393;2.3055493
921;92LEV;;82 RUE BAUDIN;92300;LEVALLOIS PERRET;09 53 91 77 67;48.8979892;2.2848212
922;75TRO;;82 RUE LAURISTON;75016;PARIS;01 43 59 33 85;48.8674534;2.2879847
923;75TER;;83 BOULEVARD DE COURCELLES;75017;PARIS;;48.8782487;2.2997272
924;92LEV;;83 RUE ARISTIDE BRIAND;92300;LEVALLOIS PERRET;01 47 37 71 85;48.8927165;2.2890514
925;75GRE;;83 RUE DE LA CONVENTION;75015;PARIS;01 84 25 60 97;48.8423097;2.2854934
926;75MNP;;84 BOULEVARD GARIBALDI;75015;PARIS;01 47 83 65 40;48.8455007;2.3092404
927;92NEU;;85 AVENUE CHARLES DE GAULLE;92200;NEUILLY-SUR-SEINE;01 46 24 33 38;48.8803956;2.2731195
928;75INV;;85 AVENUE DE LA BOURDONNAIS;75007;PARIS;01 44 42 92 55;48.8561332;2.3027511
929;75AUT;;85 AVENUE MOZART;75016;PARIS;01 45 25 66 00;48.8523594;2.2682462
930;75TER;;85 RUE LA BOETIE;75017;PARIS;;48.8719092;2.3086066
931;75GRE;;86 RUE DE L EGLISE;75015;PARIS;01 45 58 52 65;48.8428158;2.2914147
932;92NEU;;86 RUE DE LONGCHAMP;92200;NEUILLY-SUR-SEINE;01 47 45 21 11;48.8776731;2.2514954
933;75ELY;;86 RUE DE MIROMESNIL;75008;PARIS;01 42 25 25 61;48.8787059;2.3156106
934;92LEV;;86 RUE DU PRESIDENT WILSON;92300;LEVALLOIS PERRET;01 55 46 90 50;48.8948586;2.2879988
935;75PAS;;86 RUE DU RANELAGH;75016;PARIS;01 45 27 39 76;48.8557628;2.2696486
936;92LEV;;86 RUE MARIUS AUFAN;92300;LEVALLOIS PERRET;01 47 58 71 04;48.8921332;2.2833089
937;75TER;;87 BOULEVARD DE COURCELLES;75017;PARIS;01 44 40 08 04;48.8781636;2.2993304
938;92NEU;;88 BIS AVENUE CHARLES DE GAULLE;92200;NEUILLY-SUR-SEINE;;48.8820423;2.2701366
939;92LEV;;88 RUE DE VILLIERS;92300;LEVALLOIS PERRET;01 46 97 01 75;48.8936722;2.2761012
940;75MNP;;88 RUE LECOURBE;75015;PARIS;01 43 06 92 01;48.8433313;2.3047415
941;92LEV;;88 RUE RIVAY;92300;LEVALLOIS PERRET;01 47 31 17 81;48.8979335;2.2866514
942;92NEU;;89 BOULEVARD BINEAU;92200;NEUILLY-SUR-SEINE;01 47 45 25 44;48.887145;2.2771404
943;75TER;;89 BOULEVARD DE COURCELLES;75017;PARIS;01 43 25 08 07;48.8781248;2.2991493
944;75AUT;;89 BOULEVARD MURAT;75016;PARIS;;48.840796;2.2564144
945;75MNP;;89 RUE BLOMET;75015;PARIS;09 66 81 75 95;48.8411515;2.3013764
946;75PAS;;89 RUE DE LA POMPE;75016;PARIS;01 44 09 03 20;48.8646564;2.2781004
947;75VAU;;89 RUE DES MORILLONS;75015;PARIS;01 45 33 70 71;48.8320316;2.3043459
948;75GRE;;89 RUE DU COMMERCE;75015;PARIS;01 42 50 40 61;48.8442222;2.2935652
949;92LEV;;89 RUE JULES GUESDE;92300;LEVALLOIS PERRET;01 47 37 77 55;48.8958124;2.2902872
950;75TER;;9 AVENUE MAC MAHON;75017;PARIS;;48.8757589;2.2944545
951;75TER;;9 AVENUE NIEL;75017;PARIS;01 45 72 45 72;48.8796328;2.2944938
952;92NEU;;9 AVENUE STE FOY;92200;NEUILLY-SUR-SEINE;01 47 45 46 77;48.8856346;2.266723
953;75GRE;;9 PLACE VIOLET;75015;PARIS;01 40 57 47 10;48.8447717;2.2910213
954;92NEU;;9 RUE ANCELLE;92200;NEUILLY-SUR-SEINE;01 46 24 17 06;48.8808347;2.2686933
955;75GRE;;9 RUE DE L ABBE GROULT;75015;PARIS;01 45 66 70 51;48.842863;2.2938087
956;75ELY;;9 RUE DE LA BIENFAISANCE;75008;PARIS;01 45 22 67 49;48.8766943;2.3200823
957;75ELY;;9 RUE DE LA TREMOILLE;75008;PARIS;01 45 63 91 65;48.8670745;2.302885
958;75PAS;;9 RUE DE SIAM;75016;PARIS;01 40 72 72 01;48.8619243;2.2750103
959;75INV;;9 RUE DE VILLERSEXEL;75007;PARIS;01 45 48 31 32;48.8582257;2.3238648
960;75VAU;;9 RUE DES PERICHAUX;75015;PARIS;;48.8305049;2.2976776
961;75MNP;;9 RUE DU GENERAL BEURET;75015;PARIS;01 42 50 10 58;48.841227;2.302735
962;75VAU;;9 RUE FOURCADE;75015;PARIS;01 47 83 79 31;48.8372863;2.2981673
963;92LEV;;9 RUE GREFFULHE;92300;LEVALLOIS PERRET;01 40 89 31 22;48.8940611;2.276556
964;75PER;CLI STE-THÉRÈSE;9 RUE GUSTAVE DORE;75017;PARIS;01 44 74 10 34;48.8865147;2.3024731
965;75PER;;9 RUE JEAN BAPTISTE DUMAS;75017;PARIS;;48.8830404;2.2918081
966;75INV;;9 RUE LEON VAUDOYER;75007;PARIS;01 45 48 83 05;48.847934;2.3089125
967;75TRO;;9 RUE LEONCE REYNAUD;75016;PARIS;;48.8657094;2.2986926
968;75TER;;9 RUE PIERRE DEMOURS;75017;PARIS;01 42 27 74 34;48.8800836;2.2919324
969;75TER;;9 RUE PIERRE LE GRAND;75017;PARIS;;48.8784492;2.3009505
970;75TRO;;9 RUE QUENTIN BAUCHART;75016;PARIS;;48.8692459;2.2998214
971;75INV;;9 RUE SEDILLOT;75007;PARIS;01 45 51 55 85;48.8587907;2.3018258
972;75TER;;9 RUE TROYON;75017;PARIS;;48.8760867;2.2951808
973;75AUT;;9 RUE VAN LOO;75016;PARIS;01 42 94 06 00;48.8409222;2.2675763
974;92NEU;;90 AVENUE CHARLES DE GAULLE;92200;NEUILLY-SUR-SEINE;01 46 24 74 49;48.8820882;2.269992
975;75PER;;90 AVENUE NIEL;75017;PARIS;01 42 94 18 97;48.8836667;2.2969808
976;75PAS;;90 AVENUE PAUL DOUMER;75016;PARIS;01 40 50 96 62;48.8588491;2.2760602
977;75VAU;;90 RUE DE L ABBE GROULT;75015;PARIS;;48.8380374;2.2987613
978;92LEV;;90 RUE MARIUS AUFAN;92300;LEVALLOIS PERRET;01 47 57 75 81;48.8923362;2.2831447
979;75GRE;;91 AVENUE FELIX FAURE;75015;PARIS;01 45 57 05 00;48.8393757;2.2838781
980;75GRE;;91 RUE DE LOURMEL;75015;PARIS;01 43 06 67 37;48.8442139;2.2868239
981;92LEV;;92 RUE BAUDIN;92300;LEVALLOIS PERRET;01 41 06 17 56;48.8991239;2.2884932
982;75TRO;;92 RUE DE LA POMPE;75016;PARIS;01 45 53 03 71;48.864658;2.278365
983;75PAS;;94 BOULEVARD FLANDRIN;75016;PARIS;01 47 27 27 33;48.8709683;2.276041
984;75INV;;94 RUE DE SEVRES;75007;PARIS;01 56 58 06 92;48.8462689;2.3145776
985;75INV;;95 AVENUE DE LA BOURDONNAIS;75007;PARIS;01 44 25 00 00;48.8556604;2.3034858
986;75TRO;;95 AVENUE VICTOR HUGO;75016;PARIS;01 44 05 05 55;48.8690807;2.2842464
987;75PAS;;95 RUE DE LA FAISANDERIE;75016;PARIS;01 45 04 87 55;48.866716;2.2747378
988;75ELY;;95 RUE DE MONCEAU;75008;PARIS;01 53 21 00 27;48.880632;2.3165995
989;75AUT;HÔP HENRY DUNANT;95 RUE MICHEL ANGE;75016;PARIS;01 40 71 24 59;48.8403288;2.258317
990;75AUT;;96 AVENUE DE VERSAILLES;75016;PARIS;01 49 59 65 77;48.8448856;2.2709253
991;75PER;;96 AVENUE DE VILLIERS;75017;PARIS;09 51 97 30 47;48.8846693;2.3005207
992;75TRO;;96 AVENUE VICTOR HUGO;75016;PARIS;01 47 27 55 55;48.8689915;2.2834448
993;75MNP;;96 RUE LECOURBE;75015;PARIS;01 53 66 62 62;48.8431415;2.3040335
994;75GRE;;96 RUE ST CHARLES;75015;PARIS;01 45 79 56 41;48.8458193;2.2846695
995;75INV;;97 AVENUE DE LA BOURDONNAIS;75007;PARIS;01 45 55 80 80;48.8555824;2.3036073
996;75PER;;97 AVENUE NIEL;75017;PARIS;01 43 80 15 14;48.8841986;2.2968206
997;75TRO;;97 AVENUE VICTOR HUGO;75016;PARIS;01 56 91 30 30;48.8689754;2.2839977
998;75PER;COURCELLES MEDICAL;97 RUE JOUFFROY D ABBANS;75017;PARIS;01 53 81 41 96;48.8821118;2.3018983
